file,context,cat_id,breed,sex,owner_id,session,vocalization,sample_rate,channels,bits,frames,duration_seconds,sha256
B_ANI01_MC_FN_SIM01_101.wav,brushing,ANI01,MC,FN,SIM01,1,01,8000,1,16,18252,2.2815,184201b66f3541ee0af064ede88e2e84730f24f3dd834d94b4afbd7ddb98f845
B_ANI01_MC_FN_SIM01_102.wav,brushing,ANI01,MC,FN,SIM01,1,02,8000,1,16,11352,1.419,de05d090cfa47ae8527dd3cb2fbf37dfcd2f2b12936615383787cd96ada38c70
B_ANI01_MC_FN_SIM01_103.wav,brushing,ANI01,MC,FN,SIM01,1,03,8000,1,16,14391,1.798875,d103dc459bce06fb266359653cea8f7e8f167dbd6aca1b84e8fa5727dab87b35
B_ANI01_MC_FN_SIM01_301.wav,brushing,ANI01,MC,FN,SIM01,3,01,8000,1,16,13916,1.7395,9ad60d70283257b93d739e14fe78e038366bd7f58e3817b775b02e12a33d7c21
B_ANI01_MC_FN_SIM01_302.wav,brushing,ANI01,MC,FN,SIM01,3,02,8000,1,16,10144,1.268,156fed1d3af13ba25d9e78d5781e23a5c7917f89c1e400b541aa0b05562af22c
B_ANI01_MC_FN_SIM01_303.wav,brushing,ANI01,MC,FN,SIM01,3,03,8000,1,16,15370,1.92125,211cf73c5696ddc9f5bc6eee65d589a9e301a319a1aab44593b3212e19b6404f
B_BAC01_MC_MN_SIM01_101.wav,brushing,BAC01,MC,MN,SIM01,1,01,8000,1,16,9284,1.1605,d5e1ca9a88d876d09da52f4cb5d7774fca5ac31af0c7dd5b68dd9595cd471e70
B_BAC01_MC_MN_SIM01_102.wav,brushing,BAC01,MC,MN,SIM01,1,02,8000,1,16,9811,1.226375,dd14982fc56501dbeb3dd4fddd394bb34435bd53ee9322fb03ccf9daa6d87c4c
B_BAC01_MC_MN_SIM01_103.wav,brushing,BAC01,MC,MN,SIM01,1,03,8000,1,16,9776,1.222,ba0d931a82290b041efa0a42038f94f41cca9cf2bbe6c0f0fce93ac97d4fb4f2
B_BAC01_MC_MN_SIM01_202.wav,brushing,BAC01,MC,MN,SIM01,2,02,8000,1,16,10032,1.254,32d44108ce14e7e45d0d38afd6f7b8b88d9c53038bfb1c42840f318ca9cfe37d
B_BAC01_MC_MN_SIM01_301.wav,brushing,BAC01,MC,MN,SIM01,3,01,8000,1,16,9217,1.152125,f92210a5255b2844e231068d9cda3d5948f31af0857b4b43144da1fa21bfe351
B_BAC01_MC_MN_SIM01_303.wav,brushing,BAC01,MC,MN,SIM01,3,03,8000,1,16,9270,1.15875,c98e66d62dd5c97251297ddcb1997436357fbfd26fd786bc52bf318db0e6a5df
B_BRA01_MC_MN_SIM01_101.wav,brushing,BRA01,MC,MN,SIM01,1,01,8000,1,16,11681,1.460125,ea7877a8b16518c584f3a5c2b897cc80301d3e709ca5c72d87cad59c6544aa29
B_BRA01_MC_MN_SIM01_104.wav,brushing,BRA01,MC,MN,SIM01,1,04,8000,1,16,10445,1.305625,e56cb079fc6096496269f6393b76a404bb3bb7d091630ac0f3bcd585a4e17a60
B_BRA01_MC_MN_SIM01_105.wav,brushing,BRA01,MC,MN,SIM01,1,05,8000,1,16,11109,1.388625,3801f2e8e15c5744557691917c07f223f55204af07441330eef27c15efaaa400
B_BRA01_MC_MN_SIM01_106.wav,brushing,BRA01,MC,MN,SIM01,1,06,8000,1,16,10747,1.343375,f5821c4ca075a6fbbc2b5c5258c452a53a3822932e881a1cdb557ce1876db9e3
B_BRA01_MC_MN_SIM01_301.wav,brushing,BRA01,MC,MN,SIM01,3,01,8000,1,16,9504,1.188,5bfca97161acd99c73ac44b168a34a62be4b4bec5733d07ef319905759069dd4
B_BRA01_MC_MN_SIM01_302.wav,brushing,BRA01,MC,MN,SIM01,3,02,8000,1,16,10378,1.29725,fcdb3c84621a9184dd145c0ff8c8ae8a796ed80e2f8a53ccb8c944de47b51e56
B_BRA01_MC_MN_SIM01_303.wav,brushing,BRA01,MC,MN,SIM01,3,03,8000,1,16,11083,1.385375,3c2b197be44ac3a5f5886c54ba7b468be64948e46fd04a14ca5ddc0795f76d72
B_BRI01_MC_FI_SIM01_101.wav,brushing,BRI01,MC,FI,SIM01,1,01,8000,1,16,21594,2.69925,9268d09acb0103aea41870c05160171f584021f352284c20b9cf088520d31f4f
B_BRI01_MC_FI_SIM01_102.wav,brushing,BRI01,MC,FI,SIM01,1,02,8000,1,16,12009,1.501125,9373928fe2645b8499612a41752288780b452390922fc619dea1f03cf3054ccb
B_BRI01_MC_FI_SIM01_201.wav,brushing,BRI01,MC,FI,SIM01,2,01,8000,1,16,14099,1.762375,180f49eb5ee4e43356da70c5a7299aecf941e349adfd0367ff6b6a87c81d58f6
B_BRI01_MC_FI_SIM01_202.wav,brushing,BRI01,MC,FI,SIM01,2,02,8000,1,16,32012,4.0015,baffb67e6dd2a455651478e8ff0d24eb1f4c97d884582268d93e35659e7d3d74
B_BRI01_MC_FI_SIM01_301.wav,brushing,BRI01,MC,FI,SIM01,3,01,8000,1,16,10385,1.298125,9773f9eb5e673c1218eb05e7c8f8fa5bc5f508bcc4caef0aeaa35b128e1f54ea
B_BRI01_MC_FI_SIM01_302.wav,brushing,BRI01,MC,FI,SIM01,3,02,8000,1,16,12825,1.603125,a9879c0e827daae3e06b26ace128c530a5fb5773aaed4ed12a0797ba0d46b8d1
B_BRI01_MC_FI_SIM01_303.wav,brushing,BRI01,MC,FI,SIM01,3,03,8000,1,16,28429,3.553625,564737921bd8e99cf8cc0174df6fcf197b0e3978164ea9690dd7fa0ae887fc44
B_CAN01_EU_FN_GIA01_101.wav,brushing,CAN01,EU,FN,GIA01,1,01,8000,1,16,14676,1.8345,367a891618aa45e0c8c876705ea6cf01a422227c0974e0a9c505642d10a910e8
B_CAN01_EU_FN_GIA01_102.wav,brushing,CAN01,EU,FN,GIA01,1,02,8000,1,16,19668,2.4585,96f9f7d05ef0ef402b6298af80818ce3527efdb0f7f73742e71662c29c3ae5df
B_CAN01_EU_FN_GIA01_103.wav,brushing,CAN01,EU,FN,GIA01,1,03,8000,1,16,13459,1.682375,c3d3be62a6bf2c49ad72070cbe6ae7308a7e0b4d84e775fbae72a58a495e1c81
B_CAN01_EU_FN_GIA01_104.wav,brushing,CAN01,EU,FN,GIA01,1,04,8000,1,16,12489,1.561125,7b6b8c66a81d07de6574c7cc505150d177fa68e3ee7f43767d9d61824368887a
B_CAN01_EU_FN_GIA01_105.wav,brushing,CAN01,EU,FN,GIA01,1,05,8000,1,16,17125,2.140625,a6ece0d1af965c9febecad30d7ead46e8970013505c0c4ba44b8df977c1b64f5
B_CAN01_EU_FN_GIA01_201.wav,brushing,CAN01,EU,FN,GIA01,2,01,8000,1,16,15177,1.897125,960b68258b7c9cfeae16e71676e4507203df97720f11f0f1429eb0023fd4bec6
B_CAN01_EU_FN_GIA01_202.wav,brushing,CAN01,EU,FN,GIA01,2,02,8000,1,16,14670,1.83375,11732fd0cfa7feabd4ebaae6b424749a7a9033735f1bab667cdb85d3406a2342
B_CAN01_EU_FN_GIA01_203.wav,brushing,CAN01,EU,FN,GIA01,2,03,8000,1,16,14397,1.799625,f8219911318aaa205e45322deaff630f3288ac97f07b50aeb41ca9c4d6f73f7b
B_CAN01_EU_FN_GIA01_204.wav,brushing,CAN01,EU,FN,GIA01,2,04,8000,1,16,13890,1.73625,11b6665c093bc331ec45c2c9c32365c34d56eef6bd8c3d581f6272594489a143
B_CAN01_EU_FN_GIA01_205.wav,brushing,CAN01,EU,FN,GIA01,2,05,8000,1,16,14592,1.824,63fb27902ec48cd90cc6f76fc96f2bcab2a3c0556d4ec1b3587c7d108cedeabf
B_CAN01_EU_FN_GIA01_206.wav,brushing,CAN01,EU,FN,GIA01,2,06,8000,1,16,12408,1.551,6df74df810c90369ba5ea9e08426285b5df3dc0f0ee7e04c8c2dfe141a2d4ea4
B_CAN01_EU_FN_GIA01_207.wav,brushing,CAN01,EU,FN,GIA01,2,07,8000,1,16,12759,1.594875,f738b5d23c90f4329dfbd25a272727b0f8355af3d8e248fdeb1dc66372f4ab91
B_CAN01_EU_FN_GIA01_208.wav,brushing,CAN01,EU,FN,GIA01,2,08,8000,1,16,14553,1.819125,cea01eb14650ef3d74ac11f98b9550192444cffabfc984e6f7c15ba6efa16a24
B_CAN01_EU_FN_GIA01_209.wav,brushing,CAN01,EU,FN,GIA01,2,09,8000,1,16,14982,1.87275,ebc9150667a4a1d5a1ad5c482c17a3e34723a97f2f510641a17b291c27f72df3
B_CAN01_EU_FN_GIA01_210.wav,brushing,CAN01,EU,FN,GIA01,2,10,8000,1,16,13695,1.711875,aa1b019862a856808a30468bbef184f2cfa8dae0b49ac0403f20b7169a2589a2
B_CAN01_EU_FN_GIA01_301.wav,brushing,CAN01,EU,FN,GIA01,3,01,8000,1,16,14993,1.874125,2834d03ea5e94bf72d57c58733c8caaf276207cdf4e5d90a83889e38637f51a3
B_CAN01_EU_FN_GIA01_302.wav,brushing,CAN01,EU,FN,GIA01,3,02,8000,1,16,14717,1.839625,f02a9d060aa2e1b628e32e05ed3dbb3ae35be943f51e428a32145627f78c4680
B_CAN01_EU_FN_GIA01_303.wav,brushing,CAN01,EU,FN,GIA01,3,03,8000,1,16,14671,1.833875,6f47f26745dddb58594ae636908b689bc54eab3c3d77b9ee824e62391c840d20
B_CAN01_EU_FN_GIA01_304.wav,brushing,CAN01,EU,FN,GIA01,3,04,8000,1,16,15223,1.902875,ec773cf33c9c13afd6a865dad05adbfb9a0984276f85f4ceb37107ac44e896f3
B_CAN01_EU_FN_GIA01_305.wav,brushing,CAN01,EU,FN,GIA01,3,05,8000,1,16,14303,1.787875,5fc917c6562465a93b910a8930d306e0fdc6a44cc10826da9e63eadcb2529fa4
B_CAN01_EU_FN_GIA01_306.wav,brushing,CAN01,EU,FN,GIA01,3,06,8000,1,16,14625,1.828125,b9bc04774748c137f9aeb83d1f40c19281e1249edf26b7d8c7b2785e564cf6c5
B_CAN01_EU_FN_GIA01_307.wav,brushing,CAN01,EU,FN,GIA01,3,07,8000,1,16,14901,1.862625,2f56530f3aaf334dd1bc31396aca65b6441d3cc197e178ee554d0360cf893f3f
B_CAN01_EU_FN_GIA01_308.wav,brushing,CAN01,EU,FN,GIA01,3,08,8000,1,16,13245,1.655625,40f8d4546b88367a8581a608d6fc7f5f73e9af739b18f23a82f8fe0293b8c0e9
B_CAN01_EU_FN_GIA01_309.wav,brushing,CAN01,EU,FN,GIA01,3,09,8000,1,16,14119,1.764875,1b356f1a641572ab72ece10159086e5bb589d877a1d8692ab40d45c7d776e4f6
B_CAN01_EU_FN_GIA01_310.wav,brushing,CAN01,EU,FN,GIA01,3,10,8000,1,16,16373,2.046625,ecc2ea7057cf68e6613bdf1294d66493d2dba3f151f43937c6d6163bd65553bb
B_CAN01_EU_FN_GIA01_311.wav,brushing,CAN01,EU,FN,GIA01,3,11,8000,1,16,14625,1.828125,c58e0b81226a2bf7010d035189a07a8c28bd8d816e244f78fceafa8d4097f9b2
B_DAK01_MC_FN_SIM01_102.wav,brushing,DAK01,MC,FN,SIM01,1,02,8000,1,16,10998,1.37475,a81eacaee2216f8f6e8dc0d4cab414d007a37c432b15c2294f29d7e8282898d5
B_DAK01_MC_FN_SIM01_301.wav,brushing,DAK01,MC,FN,SIM01,3,01,8000,1,16,16695,2.086875,4d05c6a2cf22d3d2a949ae60095617638d891e11958a3fb7cf8687b8f434e541
B_DAK01_MC_FN_SIM01_302.wav,brushing,DAK01,MC,FN,SIM01,3,02,8000,1,16,13945,1.743125,9142570c15f5c502abb625f481ec31643586e79cd3bcc611591159b57807546a
B_DAK01_MC_FN_SIM01_303.wav,brushing,DAK01,MC,FN,SIM01,3,03,8000,1,16,14740,1.8425,ad70d9f5e39ca30b4025e30d92a72a5314fc778f501b78b7944d569fca2f2dc4
B_IND01_EU_FN_ELI01_101.wav,brushing,IND01,EU,FN,ELI01,1,01,8000,1,16,15128,1.891,a091a84810061b6aa6a00d20c45622a9286592167d347cd36e2b3c1520163f43
B_IND01_EU_FN_ELI01_102.wav,brushing,IND01,EU,FN,ELI01,1,02,8000,1,16,13455,1.681875,61dc197ece8fd6619684b7e8c2f45d31286a0db5a7f9cae5938c5700d33a7e59
B_IND01_EU_FN_ELI01_103.wav,brushing,IND01,EU,FN,ELI01,1,03,8000,1,16,27333,3.416625,4f065844002667ab94e68189a45d2f532cebec9a69437daaa0a77f99939f0ad8
B_IND01_EU_FN_ELI01_201.wav,brushing,IND01,EU,FN,ELI01,2,01,8000,1,16,14433,1.804125,78d076a26dc98a0c3405d24804470acdd7bc1a8fdaa924149bfcdb3107cc224e
B_IND01_EU_FN_ELI01_202.wav,brushing,IND01,EU,FN,ELI01,2,02,8000,1,16,19041,2.380125,67ac89f2e72132d602cce4df94e986ea7bf55edd165d3da9652c66821df4d3d7
B_IND01_EU_FN_ELI01_203.wav,brushing,IND01,EU,FN,ELI01,2,03,8000,1,16,13084,1.6355,ac3ea1939bf2333fcb18331144317b2b764e79753e7b34df0c73b766e59bcccb
B_IND01_EU_FN_ELI01_301.wav,brushing,IND01,EU,FN,ELI01,3,01,8000,1,16,10479,1.309875,7a90d1b61a37fc43b4cb9f1fd9891ab54a376395c74a2bc363f0c78c2b8d830a
B_IND01_EU_FN_ELI01_302.wav,brushing,IND01,EU,FN,ELI01,3,02,8000,1,16,15021,1.877625,90cbad3a455cf49e636383183910a48b077529753eafa527134619785c480dfe
B_IND01_EU_FN_ELI01_303.wav,brushing,IND01,EU,FN,ELI01,3,03,8000,1,16,13965,1.745625,93f51333ffdc3b7eea7c3dbc09b9b95945ea7f561aae51e8b26b7036bca2075f
B_IND01_EU_FN_ELI01_304.wav,brushing,IND01,EU,FN,ELI01,3,04,8000,1,16,16569,2.071125,b773bd1bee315f85b0bf8033a4f09b51808b0d479c045e4742122179aeef4ce6
B_IND01_EU_FN_ELI01_305.wav,brushing,IND01,EU,FN,ELI01,3,05,8000,1,16,14689,1.836125,dbf3c189e313f4d0b6e6a7cac128ade2907a40e9b65ace00766af2d5c8696023
B_JJX01_MC_FN_SIM01_101.wav,brushing,JJX01,MC,FN,SIM01,1,01,8000,1,16,9324,1.1655,40534b2aef68a0619c4d6253a5b4a77be9dbdd03f049abb84b37b3db07d47b88
B_JJX01_MC_FN_SIM01_102.wav,brushing,JJX01,MC,FN,SIM01,1,02,8000,1,16,8853,1.106625,9ce7134da267d361b57fbeab19a10fcac48b901c0885092d7b3d4931a518f364
B_JJX01_MC_FN_SIM01_103.wav,brushing,JJX01,MC,FN,SIM01,1,03,8000,1,16,11346,1.41825,1fb5b27935cdaab353f9d07aae6636d41679fb93ae2317dc9144b9b424560435
B_JJX01_MC_FN_SIM01_201.wav,brushing,JJX01,MC,FN,SIM01,2,01,8000,1,16,11914,1.48925,053da152444a13d1c2a8d4f517fcd53f3de4ea7ad4d7ea6237fb46a559724cbc
B_JJX01_MC_FN_SIM01_202.wav,brushing,JJX01,MC,FN,SIM01,2,02,8000,1,16,15158,1.89475,51aec5a88e714ff038f227394d2b57a712641e2ef248d21a2e418b118fb5bcf1
B_JJX01_MC_FN_SIM01_301.wav,brushing,JJX01,MC,FN,SIM01,3,01,8000,1,16,11099,1.387375,f572a2b506a7ee8a4a4d1f75a3b92a0bd2686ad14334f2f14cb09486b469c539
B_JJX01_MC_FN_SIM01_302.wav,brushing,JJX01,MC,FN,SIM01,3,02,8000,1,16,11389,1.423625,49aa70e403073dcc76dc179c059c33e5dd60b352d41c4d1c7994f63955c0781c
B_MAG01_EU_FN_FED01_101.wav,brushing,MAG01,EU,FN,FED01,1,01,8000,1,16,14145,1.768125,31d96cc17b5a3772462165363f121a232a28cdbd217b2a11fe81aae8d147bc59
B_MAG01_EU_FN_FED01_102.wav,brushing,MAG01,EU,FN,FED01,1,02,8000,1,16,13889,1.736125,3f9657d78cacd304b96209fea8840a4c35490ead193a3d92fe9a1a3d84037374
B_MAG01_EU_FN_FED01_103.wav,brushing,MAG01,EU,FN,FED01,1,03,8000,1,16,13953,1.744125,3b24d990c9591e940a1f2f5816d53d3eac5484572eff37c7be19af49c0bd8edb
B_MAG01_EU_FN_FED01_201.wav,brushing,MAG01,EU,FN,FED01,2,01,8000,1,16,13409,1.676125,910e70ba30fdd526fef8ac9de530f36b281a2069132f5cdcc70ebcad6d22349f
B_MAG01_EU_FN_FED01_202.wav,brushing,MAG01,EU,FN,FED01,2,02,8000,1,16,11888,1.486,6e114f48c5c0aa0d34623ebc2128c8d17e11248b9e715a65461277ce636dd0b0
B_MAG01_EU_FN_FED01_203.wav,brushing,MAG01,EU,FN,FED01,2,03,8000,1,16,13563,1.695375,24b5bd7bf2eb4693551c4fb22990eb33aa24ab73dfb6420fa041e9531450a2d1
B_MAG01_EU_FN_FED01_204.wav,brushing,MAG01,EU,FN,FED01,2,04,8000,1,16,14805,1.850625,c5cc38442e1b0f0d5546cc520e0d356f270ecbee1d72607cc83701601e4de82b
B_MAG01_EU_FN_FED01_205.wav,brushing,MAG01,EU,FN,FED01,2,05,8000,1,16,14427,1.803375,25b37fccae61ad69fe30d0e58fe566c24b9907b7773dc1d7b31b0a723cc10236
B_MAG01_EU_FN_FED01_301.wav,brushing,MAG01,EU,FN,FED01,3,01,8000,1,16,16185,2.023125,3afdef08bed3b0688a053367d38245d0b62b5b0122dd7c4994d244a895ae4f4c
B_MAG01_EU_FN_FED01_302.wav,brushing,MAG01,EU,FN,FED01,3,02,8000,1,16,12918,1.61475,a0258dfd2727234afd04efbb3eb89fc2f9ce6c7a78633de5082c2cb0267b5ec0
B_MAT01_EU_FN_RIT01_101.wav,brushing,MAT01,EU,FN,RIT01,1,01,8000,1,16,14927,1.865875,b943b5965362dab8fc03847a456878031caba03f45289c0747632124cee86168
B_MAT01_EU_FN_RIT01_102.wav,brushing,MAT01,EU,FN,RIT01,1,02,8000,1,16,13992,1.749,2efa6688b6de0ed44e6a193789d16c1236ba090288712a15fc906b5e3eebd7fb
B_MAT01_EU_FN_RIT01_201.wav,brushing,MAT01,EU,FN,RIT01,2,01,8000,1,16,11748,1.4685,b1e9c7d1d73aa440db5f398bcab3f9961a44bb42bfb8f320416238311aaf601a
B_MAT01_EU_FN_RIT01_202.wav,brushing,MAT01,EU,FN,RIT01,2,02,8000,1,16,10981,1.372625,f1d784d39e06bb4118b7e3b44f63ece7465b26cb978c7ad3d2d3c95403a0d9b9
B_MAT01_EU_FN_RIT01_203.wav,brushing,MAT01,EU,FN,RIT01,2,03,8000,1,16,15041,1.880125,c6e8a0fede4d76b498a472bd56c0cbc2e11170b2dea73a46c8a48e8d480f6a65
B_MAT01_EU_FN_RIT01_204.wav,brushing,MAT01,EU,FN,RIT01,2,04,8000,1,16,20545,2.568125,3ae26d2edb79a77a049f268fae53868409d48c9e85d380b869ad38a9bf60dcb7
B_MAT01_EU_FN_RIT01_205.wav,brushing,MAT01,EU,FN,RIT01,2,05,8000,1,16,15425,1.928125,131df2795d33e796e13be0f20133fe1b05acee330569aa2e99464153c2afc0a3
B_MAT01_EU_FN_RIT01_206.wav,brushing,MAT01,EU,FN,RIT01,2,06,8000,1,16,17345,2.168125,f209f0f45a3795460bfd93e9576d1720e49fe061ecfd306f3b880020019630bf
B_MAT01_EU_FN_RIT01_207.wav,brushing,MAT01,EU,FN,RIT01,2,07,8000,1,16,18369,2.296125,17a8914449dac60cd8a5a3424800aa0db0637939d03a070169f5d151f73ef16d
B_MAT01_EU_FN_RIT01_301.wav,brushing,MAT01,EU,FN,RIT01,3,01,8000,1,16,15603,1.950375,b27013d3393e98c4bb5948be398d94409b5d4a5279753c2f312cb838f8c89a6c
B_MIN01_EU_FN_BEN01_101.wav,brushing,MIN01,EU,FN,BEN01,1,01,8000,1,16,19400,2.425,ed7ee34784cb24e3ddf17b278d667e3f50674d2a8ab496adb58030c08e6fc461
B_MIN01_EU_FN_BEN01_102.wav,brushing,MIN01,EU,FN,BEN01,1,02,8000,1,16,25165,3.145625,e9298dd24ac9915ae9274d42f592ccff7d87e5f073fd35c91229cbccea35882c
B_MIN01_EU_FN_BEN01_103.wav,brushing,MIN01,EU,FN,BEN01,1,03,8000,1,16,23003,2.875375,7d4d473483630f8a2e070bb18a21e1e3ab0c376b4412a6e499292479ba073600
B_MIN01_EU_FN_BEN01_104.wav,brushing,MIN01,EU,FN,BEN01,1,04,8000,1,16,20298,2.53725,65c0876263c176d84f5dda7fcb9cc6de58cd4eefc634161473611a7feeec1525
B_NIG01_MC_MN_SIM01_101.wav,brushing,NIG01,MC,MN,SIM01,1,01,8000,1,16,13244,1.6555,3aa60dff21307fabc7b51e9e9fc73e0b2fea19cd053f0caa184a47e0a72024b3
B_NIG01_MC_MN_SIM01_102.wav,brushing,NIG01,MC,MN,SIM01,1,02,8000,1,16,13914,1.73925,86fdc8f4659c29e5075632d0a5f8e59fcee32e8313c046f04dfdd9568284dfc9
B_NIG01_MC_MN_SIM01_103.wav,brushing,NIG01,MC,MN,SIM01,1,03,8000,1,16,11813,1.476625,c23ba3ca4af7d3b74380d31a0a486f3f71ffa5d81657d2a4b0bc26625a2ff575
B_NIG01_MC_MN_SIM01_201.wav,brushing,NIG01,MC,MN,SIM01,2,01,8000,1,16,27955,3.494375,4f459f20dfadecea6156413aa84d518c58e19a09614072cceb5ffb5356245bb3
B_NUL01_MC_MI_SIM01_102.wav,brushing,NUL01,MC,MI,SIM01,1,02,8000,1,16,15268,1.9085,fc12e5ff8dd5d7d6294c14540155c7d5fd8e3f6747c129987f8ca4069d33134a
B_NUL01_MC_MI_SIM01_201.wav,brushing,NUL01,MC,MI,SIM01,2,01,8000,1,16,23586,2.94825,e3b6099b5d5362704115c570898aaede028028eff5f289a94694936cd3c073ae
B_NUL01_MC_MI_SIM01_301.wav,brushing,NUL01,MC,MI,SIM01,3,01,8000,1,16,14450,1.80625,622d0e3e6bdb11b44ca15e39a559aa03f5593b1310109908d465bc042cff63d2
B_NUL01_MC_MI_SIM01_302.wav,brushing,NUL01,MC,MI,SIM01,3,02,8000,1,16,15295,1.911875,544ffde64fb9adf012a2dcfe4ed8dd4a4cd1198142421034503fe5efc5f923de
B_REG01_EU_FN_GIO01_101.wav,brushing,REG01,EU,FN,GIO01,1,01,8000,1,16,15501,1.937625,ea3ef64ed88ce64f34454a872250a483f6bfc830a2c1514d3f7cf9add5b3a8ac
B_REG01_EU_FN_GIO01_102.wav,brushing,REG01,EU,FN,GIO01,1,02,8000,1,16,17569,2.196125,02e41d1f92b94b96455ad8090465ce2cb77ca1863e7f0903042124ecd27de49b
B_REG01_EU_FN_GIO01_201.wav,brushing,REG01,EU,FN,GIO01,2,01,8000,1,16,15425,1.928125,bb25531a789271e62af4cacf27988d49cdb7b0599a921b996ca3621fba5f849d
B_SPI01_EU_MN_NAI01_101.wav,brushing,SPI01,EU,MN,NAI01,1,01,8000,1,16,16425,2.053125,50b885e88e2c69f451a5132948b969542c0a28f0978b8c292c9f955c1f495f4e
B_SPI01_EU_MN_NAI01_102.wav,brushing,SPI01,EU,MN,NAI01,1,02,8000,1,16,13995,1.749375,514ad1c6e1fb48856a57e2e59a96ccd318e951cf3012addf4d18176b8c1f24ba
B_SPI01_EU_MN_NAI01_103.wav,brushing,SPI01,EU,MN,NAI01,1,03,8000,1,16,15183,1.897875,1384388260a092aae6ae4878584e4f79b09222616cdf372d732762392f723313
B_SPI01_EU_MN_NAI01_301.wav,brushing,SPI01,EU,MN,NAI01,3,01,8000,1,16,14657,1.832125,b9c169dc0c08b618ce1ca355d74d887369a565e7e01daabecc53096054bd26b6
B_TIG01_EU_FN_GIU01_201.wav,brushing,TIG01,EU,FN,GIU01,2,01,8000,1,16,14273,1.784125,d05010af2edae7ac48ecbd819282dfa55086936642e79d0693eedd67ecda4bab
B_TIG01_EU_FN_GIU01_301.wav,brushing,TIG01,EU,FN,GIU01,3,01,8000,1,16,15425,1.928125,bd9049500b9f10d6f2055facc4d18a1d3737f563aaa68017e98b463816d73260
B_WHO01_MC_FI_SIM01_101.wav,brushing,WHO01,MC,FI,SIM01,1,01,8000,1,16,15486,1.93575,9516795135de3b65252b3d474c8ce7b727cb4aa2af04e0da6c1e6e49c5d68492
B_WHO01_MC_FI_SIM01_102.wav,brushing,WHO01,MC,FI,SIM01,1,02,8000,1,16,15697,1.962125,c76ffa48a072c36102af13bbce7cc46d7b75a85cc3dbc32e9298643f26fdc077
B_WHO01_MC_FI_SIM01_103.wav,brushing,WHO01,MC,FI,SIM01,1,03,8000,1,16,18609,2.326125,e6faee721607d4f0b5e64e24baa42e1e5d2145121e377bd352226c69de828245
B_WHO01_MC_FI_SIM01_104.wav,brushing,WHO01,MC,FI,SIM01,1,04,8000,1,16,15253,1.906625,3da59c7bc1c7e9c8e334a79626095a2e86ff1216c9cde7a06d3b8ea36f394591
B_WHO01_MC_FI_SIM01_201.wav,brushing,WHO01,MC,FI,SIM01,2,01,8000,1,16,16111,2.013875,21d4806248e36c2859ec77e10992c863d29d5945635a251804890bf884e4e17c
B_WHO01_MC_FI_SIM01_202.wav,brushing,WHO01,MC,FI,SIM01,2,02,8000,1,16,16023,2.002875,f357a85c33d6afed537e8daed41120364f0c5629e61b4fdbf14985886a7df981
B_WHO01_MC_FI_SIM01_203.wav,brushing,WHO01,MC,FI,SIM01,2,03,8000,1,16,10295,1.286875,6a0d05a7d3216460d4d57f1d53ed4ff61ef70990ced1b3a88b99bf2c76d611a0
B_WHO01_MC_FI_SIM01_204.wav,brushing,WHO01,MC,FI,SIM01,2,04,8000,1,16,15793,1.974125,418aa2176b40e79c4c412e9e9ccabda96b91748a9dbeae39df95f7f3a2a3954f
B_WHO01_MC_FI_SIM01_301.wav,brushing,WHO01,MC,FI,SIM01,3,01,8000,1,16,14282,1.78525,4c839a24229fb4605386b3591e91f68232666bdc3f3511dbf51afa0950e0cc97
B_WHO01_MC_FI_SIM01_302.wav,brushing,WHO01,MC,FI,SIM01,3,02,8000,1,16,18775,2.346875,8e5b4aa1b0bfa3fdc300c3f5230b0289fcbdad87fee1a1969cfe18f1f64be0aa
B_WHO01_MC_FI_SIM01_304.wav,brushing,WHO01,MC,FI,SIM01,3,04,8000,1,16,15967,1.995875,bffaabf7c15e2dd71a23da282b22371db026b0d837eb8afbf4150ea1d704e58c
B_WHO01_MC_FI_SIM01_305.wav,brushing,WHO01,MC,FI,SIM01,3,05,8000,1,16,11594,1.44925,24a684cc855d436b3ae99f6826c389f1d6323bb015edd705ce3af9df8a43b672
F_BAC01_MC_MN_SIM01_101.wav,waiting_for_food,BAC01,MC,MN,SIM01,1,01,8000,1,16,9739,1.217375,c077c7f4c05c16debabbfdc0059d08c69d4e2596c992b5d7b1d68868a1adb78f
F_BAC01_MC_MN_SIM01_102.wav,waiting_for_food,BAC01,MC,MN,SIM01,1,02,8000,1,16,11150,1.39375,391fd2e83289308998dd485daadcc045ff098b4814f52544c92c417e28b1cccc
F_BAC01_MC_MN_SIM01_103.wav,waiting_for_food,BAC01,MC,MN,SIM01,1,03,8000,1,16,11555,1.444375,3e48048ed4a92af04844da4f726ec6d2051271f4ecb1561cc739a0846cc808a0
F_BAC01_MC_MN_SIM01_104.wav,waiting_for_food,BAC01,MC,MN,SIM01,1,04,8000,1,16,11959,1.494875,49478711194457a0c8297b6609a32f0a71c15044e498b407eade2e3b233d0582
F_BAC01_MC_MN_SIM01_105.wav,waiting_for_food,BAC01,MC,MN,SIM01,1,05,8000,1,16,11524,1.4405,5bbb0626d9a2618eb7f25e97cb6f115be0785e8e4d43dfa17ca7302aeb212034
F_BAC01_MC_MN_SIM01_201.wav,waiting_for_food,BAC01,MC,MN,SIM01,2,01,8000,1,16,10528,1.316,4091a9e7be89d55481ecee65eb3554690ce05aa2b18ec48d092aa2d6adbc52b1
F_BAC01_MC_MN_SIM01_202.wav,waiting_for_food,BAC01,MC,MN,SIM01,2,02,8000,1,16,11152,1.394,35d9ec8dd8d09dc29a6144d66ae23331791fcefae18471d6117aab85fa28b085
F_BAC01_MC_MN_SIM01_203.wav,waiting_for_food,BAC01,MC,MN,SIM01,2,03,8000,1,16,12047,1.505875,70b92019020b2711e6767ae6a0c515e0d84de4889b47f69c7493d91d076ee539
F_BAC01_MC_MN_SIM01_301.wav,waiting_for_food,BAC01,MC,MN,SIM01,3,01,8000,1,16,8897,1.112125,f9781ef905ded169d6b356846ef982f54dee999e31a5ea9404f4252c32c4f055
F_BAC01_MC_MN_SIM01_302.wav,waiting_for_food,BAC01,MC,MN,SIM01,3,02,8000,1,16,11031,1.378875,728959e2460197fb1821d2a819be3c490a4d3418acff23fbd5fc7ed6eae058d0
F_BAC01_MC_MN_SIM01_303.wav,waiting_for_food,BAC01,MC,MN,SIM01,3,03,8000,1,16,10849,1.356125,5039d8a0986dad6895e287322bb38b69bea80b7610c69a96054c87132f356d54
F_BAC01_MC_MN_SIM01_304.wav,waiting_for_food,BAC01,MC,MN,SIM01,3,04,8000,1,16,11239,1.404875,ec353cc884eae1fd9b96f85c6ba559dbf36f0a174aeb35a957801c36ba243c34
F_BLE01_EU_FN_DEL01_101.wav,waiting_for_food,BLE01,EU,FN,DEL01,1,01,8000,1,16,12011,1.501375,078b778a18be159bb1df032c837ff948cf1634e749f6f6d2093b442d31207aa7
F_BLE01_EU_FN_DEL01_102.wav,waiting_for_food,BLE01,EU,FN,DEL01,1,02,8000,1,16,10857,1.357125,88f4d0fef48af1c3c23fb51643fda99cab926ee6d9843d46f992a17572283faa
F_BLE01_EU_FN_DEL01_103.wav,waiting_for_food,BLE01,EU,FN,DEL01,1,03,8000,1,16,11960,1.495,0d5cf1b20b58c1bae99021852ac236044ca86d628037edbf06ddf56ee8d03347
F_BRA01_MC_MN_SIM01_301.wav,waiting_for_food,BRA01,MC,MN,SIM01,3,01,8000,1,16,14146,1.76825,9582eab784d27e2c968cde870a06d784e5adef435fd48b281be1326578e012fe
F_BRA01_MC_MN_SIM01_302.wav,waiting_for_food,BRA01,MC,MN,SIM01,3,02,8000,1,16,13573,1.696625,bc06ef18fad11e1067ebd7e011a005956fb2717317b1048768baf3b7b827ad87
F_BRI01_MC_FI_SIM01_101.wav,waiting_for_food,BRI01,MC,FI,SIM01,1,01,8000,1,16,13234,1.65425,e2b953395d64ede3b922ce6efb0bce1610df28187ca634b39c0b322a1874a7cf
F_BRI01_MC_FI_SIM01_102.wav,waiting_for_food,BRI01,MC,FI,SIM01,1,02,8000,1,16,12118,1.51475,159b3447d0d152c3b810289bfa34b7670626f1cf9684835ac5cbf5c0df9deb8a
F_BRI01_MC_FI_SIM01_103.wav,waiting_for_food,BRI01,MC,FI,SIM01,1,03,8000,1,16,12137,1.517125,734e43f8ab1f19115087d142d7f060016c91fe253bea7e157f65f0b893aa3a8c
F_BRI01_MC_FI_SIM01_104.wav,waiting_for_food,BRI01,MC,FI,SIM01,1,04,8000,1,16,12148,1.5185,056b499e72c496c74ab0e9627326a12a9e49e4003c44973c3c63601366fd83dc
F_BRI01_MC_FI_SIM01_105.wav,waiting_for_food,BRI01,MC,FI,SIM01,1,05,8000,1,16,11412,1.4265,872dcf975fe4d4d32abb1c48db93bf3461994dc5e550001ae5e098f4c699fad5
F_BRI01_MC_FI_SIM01_106.wav,waiting_for_food,BRI01,MC,FI,SIM01,1,06,8000,1,16,11375,1.421875,a1d96216d0afd50dd4327b40259a9bb8403566cb667966ce8bf1b41ab2a8064a
F_BRI01_MC_FI_SIM01_201.wav,waiting_for_food,BRI01,MC,FI,SIM01,2,01,8000,1,16,16454,2.05675,4bdc80e090e439123ef164c5ca5ba5e15be4f3a0b26bf593be80af90ada95cd2
F_BRI01_MC_FI_SIM01_202.wav,waiting_for_food,BRI01,MC,FI,SIM01,2,02,8000,1,16,14060,1.7575,aa8c3f4d7ad25be09124db71164df6675443a3f590e0956125fbfeea0889f2cf
F_CAN01_EU_FN_GIA01_201.wav,waiting_for_food,CAN01,EU,FN,GIA01,2,01,8000,1,16,15939,1.992375,42fa521f3199ae1b484faaefdfcb8fb5d175badcb78550a4157398147a0ef675
F_CAN01_EU_FN_GIA01_202.wav,waiting_for_food,CAN01,EU,FN,GIA01,2,02,8000,1,16,15169,1.896125,c43e175f2732915f4b243f8c9e65a7911b1f60f5cd4a5ac9a3100c79dc1ce21e
F_DAK01_MC_FN_SIM01_301.wav,waiting_for_food,DAK01,MC,FN,SIM01,3,01,8000,1,16,12814,1.60175,0d1b3765d81673c00b01839ab70fb4cc06670418b1b4a7401da1a5a0d2dc2ae9
F_DAK01_MC_FN_SIM01_302.wav,waiting_for_food,DAK01,MC,FN,SIM01,3,02,8000,1,16,12780,1.5975,1e8d417ad1170209618f865d112681d441e0af9aa7dff45b56e569c83e32a2e6
F_DAK01_MC_FN_SIM01_303.wav,waiting_for_food,DAK01,MC,FN,SIM01,3,03,8000,1,16,11202,1.40025,e9ef387795f72ac4b8dc8a9b65304532ba68effca066be697ebda866d2fa82c9
F_DAK01_MC_FN_SIM01_304.wav,waiting_for_food,DAK01,MC,FN,SIM01,3,04,8000,1,16,12411,1.551375,903b7a274f9e385cb521581a9d1a8d5d589083db37cdfd40f938653bf8cfc4be
F_IND01_EU_FN_ELI01_101.wav,waiting_for_food,IND01,EU,FN,ELI01,1,01,8000,1,16,14481,1.810125,b664e071bb1d138f0cd518df692648b7f1fad284af05f769265666f204af96ee
F_IND01_EU_FN_ELI01_102.wav,waiting_for_food,IND01,EU,FN,ELI01,1,02,8000,1,16,13293,1.661625,e06b0196f69ae21ff503be8667cf773f6d8e646c3bd8c1929ee3f0a7a67b5528
F_IND01_EU_FN_ELI01_103.wav,waiting_for_food,IND01,EU,FN,ELI01,1,03,8000,1,16,13725,1.715625,3d4b03a1a2c1bbdcf7760f7ed09600f0f8e3bc50da738c76d4874d0ba49541f7
F_IND01_EU_FN_ELI01_104.wav,waiting_for_food,IND01,EU,FN,ELI01,1,04,8000,1,16,11349,1.418625,b40e4cdc18c1889fb4d63c7f2e90eb5b0d289d36fa46b5fa4da5969d2babd2d1
F_IND01_EU_FN_ELI01_201.wav,waiting_for_food,IND01,EU,FN,ELI01,2,01,8000,1,16,10851,1.356375,b18eb4f445d1febe4c84d9173917e01fc1c74b6ba66aa3c0493bbb58d1c34f26
F_IND01_EU_FN_ELI01_202.wav,waiting_for_food,IND01,EU,FN,ELI01,2,02,8000,1,16,10338,1.29225,8b6af3adc7bae1cc531b1ea89f1e97007202823aee5e5c35a39a286bf2cd44db
F_IND01_EU_FN_ELI01_203.wav,waiting_for_food,IND01,EU,FN,ELI01,2,03,8000,1,16,10801,1.350125,e128739a2abb7bac147bc098b2da303996295f879b0ca499dbd336614358a1db
F_IND01_EU_FN_ELI01_301.wav,waiting_for_food,IND01,EU,FN,ELI01,3,01,8000,1,16,13221,1.652625,7677078387594c7539303eb0ea995ca3d07b99ecd20951ed1626ff2447fee9ce
F_IND01_EU_FN_ELI01_302.wav,waiting_for_food,IND01,EU,FN,ELI01,3,02,8000,1,16,15381,1.922625,7287cfd149a2a39031b1be5dd6e821f4d1085560afd2c92f131a098bb3b8c1e1
F_IND01_EU_FN_ELI01_304.wav,waiting_for_food,IND01,EU,FN,ELI01,3,04,8000,1,16,14931,1.866375,8b99a34a78a42ca994f0223ee1cfbd8c80f3b95ff4775347cb849754630b55a1
F_LEO01_EU_MI_RIT01_101.wav,waiting_for_food,LEO01,EU,MI,RIT01,1,01,8000,1,16,11792,1.474,2b0f3f538bfba67ca100ec2726f21110dac8e4cb232de1ee7f7aff030f9aa14e
F_LEO01_EU_MI_RIT01_102.wav,waiting_for_food,LEO01,EU,MI,RIT01,1,02,8000,1,16,12524,1.5655,beb764fc2d77aa728ca9d5ddc110e487117cd469694176ecb4c73337d9896026
F_LEO01_EU_MI_RIT01_103.wav,waiting_for_food,LEO01,EU,MI,RIT01,1,03,8000,1,16,11853,1.481625,aaed3fcffa1121bafb7d63e0c03a8c8bcd03aa1d3cd011e4982c4a46232ae3ae
F_LEO01_EU_MI_RIT01_104.wav,waiting_for_food,LEO01,EU,MI,RIT01,1,04,8000,1,16,13443,1.680375,1579d52423f7ee5f3b75b13dd871647f15147298cd7e280db0ff7346609a3824
F_LEO01_EU_MI_RIT01_105.wav,waiting_for_food,LEO01,EU,MI,RIT01,1,05,8000,1,16,13972,1.7465,f1bcf57cb9bcca404f4fcaa3193b3eea318e3587998205965e8d9d65f0b7a174
F_MAG01_EU_FN_FED01_101.wav,waiting_for_food,MAG01,EU,FN,FED01,1,01,8000,1,16,13185,1.648125,cd719d842ba907e062820b1a0365e23fd84316d64295f254c964b986ed0295f1
F_MAG01_EU_FN_FED01_102.wav,waiting_for_food,MAG01,EU,FN,FED01,1,02,8000,1,16,13633,1.704125,a84fc03cc6c16e1547d8e47d566bd6d6b06b44aaebc71bf612bb007d0acdbd75
F_MAG01_EU_FN_FED01_103.wav,waiting_for_food,MAG01,EU,FN,FED01,1,03,8000,1,16,13633,1.704125,895b4d42084f5c6e88b967cf7e45a68b9f0baa128ff6db62ab9ce73e0550591a
F_MAG01_EU_FN_FED01_104.wav,waiting_for_food,MAG01,EU,FN,FED01,1,04,8000,1,16,13441,1.680125,340cb27272ce2e12deb832ee71dd6e913df74854da4a0d0f6061e9c264e3297f
F_MAG01_EU_FN_FED01_105.wav,waiting_for_food,MAG01,EU,FN,FED01,1,05,8000,1,16,13441,1.680125,ba18af0c115e5bb145366d227825a0f3744eb40bc13e44856bb066b0871b3265
F_MAG01_EU_FN_FED01_106.wav,waiting_for_food,MAG01,EU,FN,FED01,1,06,8000,1,16,12609,1.576125,67264388e313b0be17ce413f6a83a425f0d6224a1d6cc5e8b1e6abb63b0cffb1
F_MAG01_EU_FN_FED01_201.wav,waiting_for_food,MAG01,EU,FN,FED01,2,01,8000,1,16,13146,1.64325,1afdf972dc23c292508bf43998cf3468fc6281254b0e65f733286e6fec83d21e
F_MAG01_EU_FN_FED01_202.wav,waiting_for_food,MAG01,EU,FN,FED01,2,02,8000,1,16,12921,1.615125,b91fb58598c7acd4dfadec7d4ebc45fd4c31b30ded39e8feaa70c73428db49f3
F_MAG01_EU_FN_FED01_203.wav,waiting_for_food,MAG01,EU,FN,FED01,2,03,8000,1,16,14361,1.795125,3c7f21a89898263ce2d70f7c9908f24ba4a126bc8bdf313230dff3d1700bde63
F_MAG01_EU_FN_FED01_301.wav,waiting_for_food,MAG01,EU,FN,FED01,3,01,8000,1,16,10916,1.3645,7f0c11c5d3bffa03faa504bffade674efe11fdf070d0f8ff786669ee1b5e3428
F_MAG01_EU_FN_FED01_302.wav,waiting_for_food,MAG01,EU,FN,FED01,3,02,8000,1,16,12995,1.624375,c74f0778128cc43969cbfc2ed9c27b9e0e0318b97468a9657a31a198e86dcde3
F_MAG01_EU_FN_FED01_303.wav,waiting_for_food,MAG01,EU,FN,FED01,3,03,8000,1,16,12132,1.5165,a27b93525825b7176b6e4c8d600d14cb46a5058d4b022fd74473c107aaaffa77
F_MAG01_EU_FN_FED01_304.wav,waiting_for_food,MAG01,EU,FN,FED01,3,04,8000,1,16,11979,1.497375,a088b6560681ecf4c6b033d0f6754cf5a1632675436b7e862c5b33fcaff5527a
F_MAG01_EU_FN_FED01_305.wav,waiting_for_food,MAG01,EU,FN,FED01,3,05,8000,1,16,13509,1.688625,cb6a7cc82aa0f4bd1dd07fd4dfeca186e1cc7aa78429f066fbdbd32899a32b96
F_MAT01_EU_FN_RIT01_101.wav,waiting_for_food,MAT01,EU,FN,RIT01,1,01,8000,1,16,16577,2.072125,75cc2c326e66a68f7fc8494ddcc7832ad7a47f176b9f254facd88deb0f6159a2
F_MAT01_EU_FN_RIT01_102.wav,waiting_for_food,MAT01,EU,FN,RIT01,1,02,8000,1,16,14048,1.756,a12d189cc6e6fa251be873ae791cdeec69a05bc332b47891bafb20e7b7e6a919
F_MAT01_EU_FN_RIT01_103.wav,waiting_for_food,MAT01,EU,FN,RIT01,1,03,8000,1,16,15033,1.879125,53fc48954756d6fa42e0735ee27761d003fdb5203f9ea60c98ab2303706df12f
F_MAT01_EU_FN_RIT01_301.wav,waiting_for_food,MAT01,EU,FN,RIT01,3,01,8000,1,16,17719,2.214875,2cd6477011560d2b0e03df1605bfdc57d2ffd57721ffec74a8fd4eace49eaaf2
F_MAT01_EU_FN_RIT01_302.wav,waiting_for_food,MAT01,EU,FN,RIT01,3,02,8000,1,16,15053,1.881625,0542f38510c87460a9418307415f5aee09fb7570ed25afe1b7c4141e913e365f
F_MAT01_EU_FN_RIT01_303.wav,waiting_for_food,MAT01,EU,FN,RIT01,3,03,8000,1,16,14623,1.827875,d734554416b54ab298a65add16ea315b4302b08fa12711b46d0b0feae830740c
F_MEG01_MC_FI_SIM01_301.wav,waiting_for_food,MEG01,MC,FI,SIM01,3,01,8000,1,16,11616,1.452,55edbe5843169875702043dd531ae057ae1685674e1dfd8b040d4b384f8ff702
F_MEG01_MC_FI_SIM01_302.wav,waiting_for_food,MEG01,MC,FI,SIM01,3,02,8000,1,16,11395,1.424375,3d2d7c9d6c58be05911f4917bc4958206efe888a911b68eca9f9688a9f9b3576
F_MEG01_MC_FI_SIM01_303.wav,waiting_for_food,MEG01,MC,FI,SIM01,3,03,8000,1,16,13220,1.6525,70f959cf1402dfd2c7573f0486f5e76e83a4af8ac9ec20ff8e9c67c90dcdb4ee
F_MEG01_MC_FI_SIM01_304.wav,waiting_for_food,MEG01,MC,FI,SIM01,3,04,8000,1,16,12300,1.5375,bf44bba17ef5ac1dd07dfc9a4d5e2e081679647c2875cc12302eb12bfd57893f
F_MIN01_EU_FN_BEN01_101.wav,waiting_for_food,MIN01,EU,FN,BEN01,1,01,8000,1,16,14258,1.78225,eb99b8f849b1c86e0cb1924b4a96cea4e6cfcc89865a6b17ed7cdce9e5ddc1bd
F_MIN01_EU_FN_BEN01_102.wav,waiting_for_food,MIN01,EU,FN,BEN01,1,02,8000,1,16,15285,1.910625,3bbcb867c419bb12aeae79d2327ac91f28e6a90b32cc416ab21b6a59337352be
F_MIN01_EU_FN_BEN01_103.wav,waiting_for_food,MIN01,EU,FN,BEN01,1,03,8000,1,16,12007,1.500875,8f4befbb0f8640ad37a1388d7935a2a4d28566c5010fe410e2f4ed08182e351c
F_MIN01_EU_FN_BEN01_104.wav,waiting_for_food,MIN01,EU,FN,BEN01,1,04,8000,1,16,12769,1.596125,ef1c92eed6add4a86a396e33d97b73be1d8075de79463ad5f0373db6407bb85a
F_REG01_EU_FN_GIO01_201.wav,waiting_for_food,REG01,EU,FN,GIO01,2,01,8000,1,16,16577,2.072125,7e8ed127174bf3bc7a0f70c7a0ea176edb318edfa32cfe300c6fbb4f3e836b12
F_SPI01_EU_MN_NAI01_101.wav,waiting_for_food,SPI01,EU,MN,NAI01,1,01,8000,1,16,15615,1.951875,e3c7d082303ce83aa0a936b2d89e39aa2f3d1824f8398108f72c146a44383f5e
F_SPI01_EU_MN_NAI01_102.wav,waiting_for_food,SPI01,EU,MN,NAI01,1,02,8000,1,16,17235,2.154375,3c085791c4dc347cbe8274ce0a2f51f0ac649bcca341bef35242bed450724aaa
F_SPI01_EU_MN_NAI01_103.wav,waiting_for_food,SPI01,EU,MN,NAI01,1,03,8000,1,16,16749,2.093625,72b5469be064fc794f573691d224b7667b64b4272747b434a2f8f5d987dee799
F_SPI01_EU_MN_NAI01_104.wav,waiting_for_food,SPI01,EU,MN,NAI01,1,04,8000,1,16,16695,2.086875,b6dafa07a0a13f800a869b8f977fe00a27ddbb76de13decda7a51e3b9750819d
F_SPI01_EU_MN_NAI01_201.wav,waiting_for_food,SPI01,EU,MN,NAI01,2,01,8000,1,16,18423,2.302875,2c9862e9f4c5238caf5ff5da29ff2988adb311db6f435da6d492789ab061852b
F_SPI01_EU_MN_NAI01_202.wav,waiting_for_food,SPI01,EU,MN,NAI01,2,02,8000,1,16,15561,1.945125,cff541b5a63d62c498a587540f4570a53180b813616c24af6ea0cb8af94dc1f0
F_SPI01_EU_MN_NAI01_203.wav,waiting_for_food,SPI01,EU,MN,NAI01,2,03,8000,1,16,17559,2.194875,411496b99a69c5b53cce7b86bf2b870b3b0bf290a2a30ac4c4f84960bb5439f1
F_SPI01_EU_MN_NAI01_301.wav,waiting_for_food,SPI01,EU,MN,NAI01,3,01,8000,1,16,18296,2.287,4d8321bbf8d0c2e07b641b068aa555a03b04203fcaa54ca1acbe205384c4bb01
F_WHO01_MC_FI_SIM01_101.wav,waiting_for_food,WHO01,MC,FI,SIM01,1,01,8000,1,16,16354,2.04425,bfb36dfa113e81ce8ccf68bfa82d21214ae7208520dde7d182c9b3d8c7ba4a49
F_WHO01_MC_FI_SIM01_102.wav,waiting_for_food,WHO01,MC,FI,SIM01,1,02,8000,1,16,15841,1.980125,a853ad28bafe50d5a27957d5c27d8ad1834aaa2e2ae8b6b3421f3d25db590e05
F_WHO01_MC_FI_SIM01_103.wav,waiting_for_food,WHO01,MC,FI,SIM01,1,03,8000,1,16,13640,1.705,cd250e60633e5d5a28fc19d63119cdc27f7b66cef62580785363f3b26a42777a
F_WHO01_MC_FI_SIM01_301.wav,waiting_for_food,WHO01,MC,FI,SIM01,3,01,8000,1,16,10518,1.31475,6e883a3b5df929628031d93ddd94e9281f0cca9d6c74e7548879a10bf67766ec
F_WHO01_MC_FI_SIM01_302.wav,waiting_for_food,WHO01,MC,FI,SIM01,3,02,8000,1,16,11048,1.381,b8a7c29b098dd41de746e8a8fde0a269ef8e931c23fbbd5a554c908f4e390895
F_WHO01_MC_FI_SIM01_303.wav,waiting_for_food,WHO01,MC,FI,SIM01,3,03,8000,1,16,10402,1.30025,b7b53bcee153bc9c39946f2ca09eaeefe6c2401a2542758503f2a7b0bc8c8799
F_WHO01_MC_FI_SIM01_304.wav,waiting_for_food,WHO01,MC,FI,SIM01,3,04,8000,1,16,10005,1.250625,94437970d296ddeb394f295c2f136e8be0777e3a056bf6cafa7115c0d01b8da3
F_WHO01_MC_FI_SIM01_306.wav,waiting_for_food,WHO01,MC,FI,SIM01,3,06,8000,1,16,8684,1.0855,fb5e1ef01db1dc73fa136793af1f3ee11187e81e9fcdec82c0dd6b2a12f11c3c
F_WHO01_MC_FI_SIM01_307.wav,waiting_for_food,WHO01,MC,FI,SIM01,3,07,8000,1,16,11437,1.429625,7a465cea9daf3824f1e588a75bc08cdc17d1b89dc5e2d012b063f6800111443f
I_ANI01_MC_FN_SIM01_101.wav,isolation,ANI01,MC,FN,SIM01,1,01,8000,1,16,16412,2.0515,10e6a9237b2c8607031df32f37fa8686244d089bbf8f9461c582d8f48f22170a
I_ANI01_MC_FN_SIM01_102.wav,isolation,ANI01,MC,FN,SIM01,1,02,8000,1,16,19597,2.449625,06ef706f83a322faaf2ac78de64bec975e20a370d0e951f04e031151fc98b7cf
I_ANI01_MC_FN_SIM01_103.wav,isolation,ANI01,MC,FN,SIM01,1,03,8000,1,16,20946,2.61825,785a368038815b514dbee5bd7d1906cb90b2ea77ed629084e409dadaed0412fb
I_ANI01_MC_FN_SIM01_104.wav,isolation,ANI01,MC,FN,SIM01,1,04,8000,1,16,16034,2.00425,dc379993a6449731b55b0b05c8372d2619fdac01c5a35a37fabf8e124b6638b7
I_BAC01_MC_MN_SIM01_101.wav,isolation,BAC01,MC,MN,SIM01,1,01,8000,1,16,14806,1.85075,cee07c57d675eff04a9b77dbe7359eee244c512e717933401180f8c2dffc52c9
I_BAC01_MC_MN_SIM01_102.wav,isolation,BAC01,MC,MN,SIM01,1,02,8000,1,16,12721,1.590125,b3b6cd4a5b0bd77ebabb08e630e1bea2d96340eea4ddae97c296105486e5ab83
I_BAC01_MC_MN_SIM01_103.wav,isolation,BAC01,MC,MN,SIM01,1,03,8000,1,16,12254,1.53175,cb0d09747c3ec3e4c529f7bc7d92ed8b52806c72a52f9e0a922568261eb9168e
I_BAC01_MC_MN_SIM01_301.wav,isolation,BAC01,MC,MN,SIM01,3,01,8000,1,16,11084,1.3855,ca7007270675cd40d855263e6d28278b56fa142b3f3b104ad6ae0549ccd12b94
I_BAC01_MC_MN_SIM01_302.wav,isolation,BAC01,MC,MN,SIM01,3,02,8000,1,16,10185,1.273125,23910a61226522f5511f2923be8e545ed71a984e8188588a6d4a6c54b73a6841
I_BAC01_MC_MN_SIM01_303.wav,isolation,BAC01,MC,MN,SIM01,3,03,8000,1,16,9770,1.22125,f6af0f7649133394962737f83864372a8c4cd8cced886c164fe160f2521ed5b8
I_BAC01_MC_MN_SIM10_102.wav,isolation,BAC01,MC,MN,SIM10,1,02,8000,1,16,14594,1.82425,0df98ab28fa6a34805cbdf76d85f03e28e5d18ef7cb6251ae91372dc12e0c917
I_BLE01_EU_FN_DEL01_101.wav,isolation,BLE01,EU,FN,DEL01,1,01,8000,1,16,16469,2.058625,b30e264547d272774771f064d495c20a43d78666c16e8fb76bc30e52eadeb8c1
I_BLE01_EU_FN_DEL01_102.wav,isolation,BLE01,EU,FN,DEL01,1,02,8000,1,16,15841,1.980125,5698dede79936173b1bd2d68edc597d4e9a7f53d3a0c6b4aadee8286f2e6d42f
I_BLE01_EU_FN_DEL01_103.wav,isolation,BLE01,EU,FN,DEL01,1,03,8000,1,16,15583,1.947875,6e0914e3bab4316b6693184cb23525785748b000fe688745baf5c70e102c2568
I_BLE01_EU_FN_DEL01_104.wav,isolation,BLE01,EU,FN,DEL01,1,04,8000,1,16,13481,1.685125,78fb27f01f829d70afa02a16e49a4d25310152557c1d66b32cdc3ce4a3ae4888
I_BLE01_EU_FN_DEL01_105.wav,isolation,BLE01,EU,FN,DEL01,1,05,8000,1,16,13134,1.64175,9e02b8a13fcb8de6a57d6dc9b3e0d25ee0a1ce557aeb6d07181deec3fc15bad7
I_BLE01_EU_FN_DEL01_106.wav,isolation,BLE01,EU,FN,DEL01,1,06,8000,1,16,14433,1.804125,a809e7a81bff58507f36d512d9f5f097fd2746f125f8f389703e3040de88acb3
I_BLE01_EU_FN_DEL01_107.wav,isolation,BLE01,EU,FN,DEL01,1,07,8000,1,16,12732,1.5915,1791f4c0c7f076dfaa82aebee529139d10267e0e27d4c30c041de778cf4c93a4
I_BLE01_EU_FN_DEL01_108.wav,isolation,BLE01,EU,FN,DEL01,1,08,8000,1,16,13293,1.661625,17f1b6fb860bdcd711666cdc04b3fea79a35ad2e0f707b0f5a728c3df97e8fc4
I_BLE01_EU_FN_DEL01_109.wav,isolation,BLE01,EU,FN,DEL01,1,09,8000,1,16,13971,1.746375,a8108d3a4b24ad7831d24fab3b913b2f55973f67ab9ce9bfd04f7ad3118b5520
I_BLE01_EU_FN_DEL01_110.wav,isolation,BLE01,EU,FN,DEL01,1,10,8000,1,16,13221,1.652625,022a13f603c45086494553835fb91380329a0b2c18c3bb91194abde8da3a987c
I_BLE01_EU_FN_DEL01_201.wav,isolation,BLE01,EU,FN,DEL01,2,01,8000,1,16,15593,1.949125,725f3922dbe626ba89b46acfdff125b982c7bcffe694d209dc4e5241fbee175e
I_BLE01_EU_FN_DEL01_202.wav,isolation,BLE01,EU,FN,DEL01,2,02,8000,1,16,16615,2.076875,4e203932d50d43517dcfb93988ae4227eef1d001f49dec82da54b36e3d7f9b74
I_BLE01_EU_FN_DEL01_203.wav,isolation,BLE01,EU,FN,DEL01,2,03,8000,1,16,16542,2.06775,f70ea038b41eb84fd6c402b044a6937565dc44d044e2f4021f9d2bff8730aad2
I_BLE01_EU_FN_DEL01_204.wav,isolation,BLE01,EU,FN,DEL01,2,04,8000,1,16,16177,2.022125,d61b98456f355cd74c859c19978c080858e31141177af574c51e6917e6b62662
I_BLE01_EU_FN_DEL01_205.wav,isolation,BLE01,EU,FN,DEL01,2,05,8000,1,16,15374,1.92175,17a96a73bd4c23ab8205e0215670f9c86faf575d340e1e13693ee5022119ab01
I_BLE01_EU_FN_DEL01_206.wav,isolation,BLE01,EU,FN,DEL01,2,06,8000,1,16,16834,2.10425,6954ccfc7d9bac07a5cb9ea19543b957c4fa2f421c246cf7ab83a14474c177b9
I_BLE01_EU_FN_DEL01_207.wav,isolation,BLE01,EU,FN,DEL01,2,07,8000,1,16,15301,1.912625,4d7a5e4325edbd4e7369babb502aadb9a6030a3e2c6c446c823c01430afc0a3d
I_BLE01_EU_FN_DEL01_208.wav,isolation,BLE01,EU,FN,DEL01,2,08,8000,1,16,15739,1.967375,db6c670d8f047adab524210bdf80ff30dceb7d66e818f0a4bc3e220ee55c5292
I_BLE01_EU_FN_DEL01_209.wav,isolation,BLE01,EU,FN,DEL01,2,09,8000,1,16,15885,1.985625,033112216bd5a61a58fcb87ad01de70ff4f07525b1916e948080eebc723e232a
I_BLE01_EU_FN_DEL01_210.wav,isolation,BLE01,EU,FN,DEL01,2,10,8000,1,16,15447,1.930875,605da8259dac75dda02af9d1c5d7e76e3693fcf43a1f82197ac0e574d0e48c28
I_BLE01_EU_FN_DEL01_211.wav,isolation,BLE01,EU,FN,DEL01,2,11,8000,1,16,15155,1.894375,d0157102adef568b201e876fd6cb2c02807aea76b0b7967efecda99ebb28974b
I_BLE01_EU_FN_DEL01_212.wav,isolation,BLE01,EU,FN,DEL01,2,12,8000,1,16,16323,2.040375,6782f93d1ce9725cd53dc45065589d82ce9146641daab26ec179da3fcf0efd51
I_BLE01_EU_FN_DEL01_213.wav,isolation,BLE01,EU,FN,DEL01,2,13,8000,1,16,15520,1.94,d2fc0cf12113ae9854969fd5d23f2f3892b6d8b8fd8e68864620ab228b0495b6
I_BLE01_EU_FN_DEL01_214.wav,isolation,BLE01,EU,FN,DEL01,2,14,8000,1,16,15155,1.894375,c59bf5e10e8195858041cff0299efacf00dc8a592e28c158c370eaee3cd16d59
I_BLE01_EU_FN_DEL01_215.wav,isolation,BLE01,EU,FN,DEL01,2,15,8000,1,16,14133,1.766625,d727857fed7b3495f727adf4b1941470d30f2ad41a8e50ecf6e56629ca393f53
I_BLE01_EU_FN_DEL01_216.wav,isolation,BLE01,EU,FN,DEL01,2,16,8000,1,16,14571,1.821375,0cb2cdf5a6c5a6e6053bd4836b0842ba880467f1af7f99a35b0101c41cb61076
I_BLE01_EU_FN_DEL01_217.wav,isolation,BLE01,EU,FN,DEL01,2,17,8000,1,16,16031,2.003875,7f05dee934a353cabd6b7f77f18cad7762d9ee276c6f947ac6806d4ff3ab4aa3
I_BLE01_EU_FN_DEL01_218.wav,isolation,BLE01,EU,FN,DEL01,2,18,8000,1,16,23477,2.934625,230e87d75f8911780f372707e46eb1fcb02527d2cfdec449307bdaeca6f9dc8c
I_BLE01_EU_FN_DEL01_219.wav,isolation,BLE01,EU,FN,DEL01,2,19,8000,1,16,15228,1.9035,4408e24ebc91ce2090683a2a98c9171b221002dfb6e73c753bd4cb4b3ef5ce1d
I_BLE01_EU_FN_DEL01_301.wav,isolation,BLE01,EU,FN,DEL01,3,01,8000,1,16,19543,2.442875,195ad7e61d1c4c9a29e967ffe75f8e21bd8876896a99a5fd2765c1297e98e322
I_BLE01_EU_FN_DEL01_302.wav,isolation,BLE01,EU,FN,DEL01,3,02,8000,1,16,15773,1.971625,59eff4d94be1a9023a78a4573a1d222f23da4067c599d18486b8257e6172cdc0
I_BLE01_EU_FN_DEL01_303.wav,isolation,BLE01,EU,FN,DEL01,3,03,8000,1,16,15309,1.913625,4af3b2bdd7e4c64b26470d17edeca8ef7eab905838078079c14ba605fc4a9ff4
I_BLE01_EU_FN_DEL01_304.wav,isolation,BLE01,EU,FN,DEL01,3,04,8000,1,16,16063,2.007875,857244b9dac4e9f6d60c680c0927699d8f7b59b3b1232a5f0c5c09a77327d7fe
I_BLE01_EU_FN_DEL01_305.wav,isolation,BLE01,EU,FN,DEL01,3,05,8000,1,16,16701,2.087625,6de83f09182815da01d763c3493af46302d115a4a26b77d060d40b5ccb1c8e28
I_BLE01_EU_FN_DEL01_306.wav,isolation,BLE01,EU,FN,DEL01,3,06,8000,1,16,17948,2.2435,dac58190c1bb14773ec530f6bdb94cf63873077a70d71b77db86d8ef005f4170
I_BLE01_EU_FN_DEL01_307.wav,isolation,BLE01,EU,FN,DEL01,3,07,8000,1,16,15164,1.8955,f0b267f3dd23da5b96fb8f6131187dea955a48d9fb0f286cc1dac4d7bb187ac8
I_BLE01_EU_FN_DEL01_308.wav,isolation,BLE01,EU,FN,DEL01,3,08,8000,1,16,14932,1.8665,460d8bb288d5b55308494bf2b4f13b2a301fe8e2b8f5e939762f4e0f653f1551
I_BLE01_EU_FN_DEL01_309.wav,isolation,BLE01,EU,FN,DEL01,3,09,8000,1,16,15541,1.942625,b225e0e12d15251875aa68ba776311c5ac97ac83e516097c57bc76d3bd8be168
I_BLE01_EU_FN_DEL01_310.wav,isolation,BLE01,EU,FN,DEL01,3,10,8000,1,16,15512,1.939,0c6855d6b7683b911462bd26f73c1d81c512db78ca613a4a93810508ef0b0c7c
I_BLE01_EU_FN_DEL01_311.wav,isolation,BLE01,EU,FN,DEL01,3,11,8000,1,16,15570,1.94625,99c478fa28ebb820b198ae6f2dcf8a84cd44e0cef5b20da74142d77e582f5376
I_BLE01_EU_FN_DEL01_401.wav,isolation,BLE01,EU,FN,DEL01,4,01,8000,1,16,19221,2.402625,880e5c78a7afa3372ede718b3644e39c25fcee469115b54e9ff9aafd6aa97c5f
I_BLE01_EU_FN_DEL01_402.wav,isolation,BLE01,EU,FN,DEL01,4,02,8000,1,16,14271,1.783875,c26eaf4716c368e0e99892aaf766f86e4ed332fb61f7803f00f14c6c8a36a4d8
I_BLE01_EU_FN_DEL01_403.wav,isolation,BLE01,EU,FN,DEL01,4,03,8000,1,16,15657,1.957125,91bf1209f215bf760b80471ace7b77e3880edba95e51443ccd05966ff9d6bf65
I_BLE01_EU_FN_DEL01_404.wav,isolation,BLE01,EU,FN,DEL01,4,04,8000,1,16,15525,1.940625,c0111b8800e7bbd4cde8ca80485fa7770340e70b98416106a7e4bae8f0895419
I_BLE01_EU_FN_DEL01_405.wav,isolation,BLE01,EU,FN,DEL01,4,05,8000,1,16,16119,2.014875,de8fe108b12cd0d9844f9dec2a28be686a5663e07fcb6604a66d187837e465d2
I_BRA01_MC_MN_SIM01_101.wav,isolation,BRA01,MC,MN,SIM01,1,01,8000,1,16,13490,1.68625,099d76168e2244f9cf91ab185fa6a27822bea3ad60918e9aed23ef19e685e4a2
I_BRA01_MC_MN_SIM01_102.wav,isolation,BRA01,MC,MN,SIM01,1,02,8000,1,16,14339,1.792375,38e128589fe25b5f918186f6a8c5704226800620aa36264cf66ce797a9fa5ef5
I_BRA01_MC_MN_SIM01_103.wav,isolation,BRA01,MC,MN,SIM01,1,03,8000,1,16,15147,1.893375,78f03fcf44e9d94fa6b7dfd2b6ea59713f3bb89f595538c9f60cd81ab366dab5
I_BRA01_MC_MN_SIM01_104.wav,isolation,BRA01,MC,MN,SIM01,1,04,8000,1,16,16242,2.03025,22c216a6b6d95db867e251abaf53e4af7d6301cfbcebd4aa8cab693cf9ca43b0
I_BRA01_MC_MN_SIM01_301.wav,isolation,BRA01,MC,MN,SIM01,3,01,8000,1,16,16216,2.027,25f8fed4b0cdb02304e345f524c43e27f705560247b0f8e258d635f0c6c0fc1b
I_BRA01_MC_MN_SIM01_302.wav,isolation,BRA01,MC,MN,SIM01,3,02,8000,1,16,13204,1.6505,c99c016b03659808c6f5ee6b371e95cebd153618cb18e024ab073b4d2eb2357b
I_BRA01_MC_MN_SIM01_303.wav,isolation,BRA01,MC,MN,SIM01,3,03,8000,1,16,12649,1.581125,04d8c2351ca6a280b3086d01a7fd94e5667fec7b48e8afffa4a5628e8b25253c
I_BRA01_MC_MN_SIM01_304.wav,isolation,BRA01,MC,MN,SIM01,3,04,8000,1,16,12741,1.592625,deb996df8da270d9a06f1a8aa5e32b11c0d13a889a0da29ca5588eb6224c5d5c
I_BRA01_MC_MN_SIM01_305.wav,isolation,BRA01,MC,MN,SIM01,3,05,8000,1,16,13714,1.71425,55aecaf3683876c64b0cb7ce37c5e57d212fc0f7dc124cd3b56361cffb856d7d
I_BRA01_MC_MN_SIM01_306.wav,isolation,BRA01,MC,MN,SIM01,3,06,8000,1,16,13667,1.708375,dd4bfd17c9123f45bf2cb74e2b44c73f5988882bcaca835443735dfdc58004fe
I_CAN01_EU_FN_GIA01_101.wav,isolation,CAN01,EU,FN,GIA01,1,01,8000,1,16,11674,1.45925,c1fb3b6b364432571273a83546d52dfc7f3fe659162aaef71d9659318d3752a9
I_CAN01_EU_FN_GIA01_102.wav,isolation,CAN01,EU,FN,GIA01,1,02,8000,1,16,11109,1.388625,931832e07422fcfb63c8d4eb097c620ad8a6bef7b27df7c79dce556d208e4d7e
I_CAN01_EU_FN_GIA01_103.wav,isolation,CAN01,EU,FN,GIA01,1,03,8000,1,16,13075,1.634375,705ee073a7dabeb6206aecffb3d087274d2cb65e58c201003cf207b7f698d98f
I_CAN01_EU_FN_GIA01_104.wav,isolation,CAN01,EU,FN,GIA01,1,04,8000,1,16,11962,1.49525,96128fd0e281c664d619478329da3def66bf4e51a5e9a02c9c4390c76be62ec8
I_CAN01_EU_FN_GIA01_105.wav,isolation,CAN01,EU,FN,GIA01,1,05,8000,1,16,13028,1.6285,29999f96572a7bb3b09b5f90728caacb2c1496781c5d136b5102d8f31a004b78
I_CAN01_EU_FN_GIA01_106.wav,isolation,CAN01,EU,FN,GIA01,1,06,8000,1,16,12174,1.52175,c633a09f602f915b16b7055d502007b39c933a8e3d060444849e3d157db05021
I_CAN01_EU_FN_GIA01_107.wav,isolation,CAN01,EU,FN,GIA01,1,07,8000,1,16,13251,1.656375,32aa02ad2ff581d584d8395ae5903fd9c288cdc26b9d9562ea2367c78a2af7e0
I_CAN01_EU_FN_GIA01_201.wav,isolation,CAN01,EU,FN,GIA01,2,01,8000,1,16,14671,1.833875,14656e2dd961d10461561c0c470e52dd4b51bd2f004b23f62f4930f30e8d02a0
I_CAN01_EU_FN_GIA01_202.wav,isolation,CAN01,EU,FN,GIA01,2,02,8000,1,16,14579,1.822375,8caefc70abd33b37df9fb78db1d3cc721926105a0c7218b7ccbea16340d61e5a
I_CAN01_EU_FN_GIA01_203.wav,isolation,CAN01,EU,FN,GIA01,2,03,8000,1,16,14211,1.776375,7b68e372010a544598ce3c92bb1121743303584ee84166e6adf6ba0486936185
I_CAN01_EU_FN_GIA01_204.wav,isolation,CAN01,EU,FN,GIA01,2,04,8000,1,16,14395,1.799375,04b62c624c2a4b2ef329e85f7fa40dbd420d47273cf01ffbfabed7aa496068f9
I_CAN01_EU_FN_GIA01_205.wav,isolation,CAN01,EU,FN,GIA01,2,05,8000,1,16,18397,2.299625,213d4cb393443364be1a7067f510f26562fe90eba57289d6abc8319ebc50c06c
I_CAN01_EU_FN_GIA01_206.wav,isolation,CAN01,EU,FN,GIA01,2,06,8000,1,16,14855,1.856875,fa388b21840c8bb8de4683c4dd478aebc3e118e9a8431ec848ceaa44a88d4b42
I_CAN01_EU_FN_GIA01_207.wav,isolation,CAN01,EU,FN,GIA01,2,07,8000,1,16,14579,1.822375,48da0ee7ed646b07f4df9aa9ec405d1377898300aca688f8b46d57237ca4567b
I_CAN01_EU_FN_GIA01_208.wav,isolation,CAN01,EU,FN,GIA01,2,08,8000,1,16,14165,1.770625,2ee314023d605d64698e124c026147f89713eb1f3550da257ca994ceeaddfad2
I_CAN01_EU_FN_GIA01_209.wav,isolation,CAN01,EU,FN,GIA01,2,09,8000,1,16,14809,1.851125,6606922f6d5d4ba54b4fc3bc593b92a45c362f74eefae483e99b0a3f560fe35b
I_CAN01_EU_FN_GIA01_210.wav,isolation,CAN01,EU,FN,GIA01,2,10,8000,1,16,14487,1.810875,b3b8b997e009ce5e569ee09f21a12c3b54722f59c30cd4aa5b63a8684678e593
I_CAN01_EU_FN_GIA01_211.wav,isolation,CAN01,EU,FN,GIA01,2,11,8000,1,16,13889,1.736125,7d4b967c755f32c19f0e876fd3c23264a22c8d441b621ac3292077ae206df197
I_CAN01_EU_FN_GIA01_212.wav,isolation,CAN01,EU,FN,GIA01,2,12,8000,1,16,13705,1.713125,6bfe58582eb3ed24743fac83ee0cf95ae1118b6558ff77873f9240e11b46941a
I_CAN01_EU_FN_GIA01_301.wav,isolation,CAN01,EU,FN,GIA01,3,01,8000,1,16,15233,1.904125,f2dfac2b258aba5d612819793a4afc499215f989fc0b7d94917be77cfdc6b053
I_CAN01_EU_FN_GIA01_302.wav,isolation,CAN01,EU,FN,GIA01,3,02,8000,1,16,14081,1.760125,d0065f8c1ecb7c87c6de143a65ba65d380a81ebb09332e1562a5f358bb62e51e
I_CAN01_EU_FN_GIA01_303.wav,isolation,CAN01,EU,FN,GIA01,3,03,8000,1,16,14657,1.832125,bae2fb009f404d3c67356b44258551b560a2cfe712eac955cf3192690b55a589
I_CAN01_EU_FN_GIA01_304.wav,isolation,CAN01,EU,FN,GIA01,3,04,8000,1,16,14593,1.824125,8c69e2246137466be288a3f86e9697450cdc55f3786753ea528a745c06e3c9ec
I_CAN01_EU_FN_GIA01_305.wav,isolation,CAN01,EU,FN,GIA01,3,05,8000,1,16,14401,1.800125,52aa8f7ab0cadf5774f29a8179cc09815297352408be4a3bb070d98ebaeb26f9
I_CAN01_EU_FN_GIA01_306.wav,isolation,CAN01,EU,FN,GIA01,3,06,8000,1,16,13551,1.693875,8a9dd38311c6d56812e3fc0596935450442e78b59f734e79327f51f66b25fc0b
I_CAN01_EU_FN_GIA01_307.wav,isolation,CAN01,EU,FN,GIA01,3,07,8000,1,16,14100,1.7625,6dbbd9025315c42cfff32a28a6d95ff4aaaa659807ff5ae48a4ffcce21fdb422
I_CLE01_EU_FN_FER01_101.wav,isolation,CLE01,EU,FN,FER01,1,01,8000,1,16,16209,2.026125,58de4a9548327f947f8379382cb7bbab20e3fcea89fad6f91e69ede5418e5b02
I_CLE01_EU_FN_FER01_102.wav,isolation,CLE01,EU,FN,FER01,1,02,8000,1,16,15777,1.972125,44fc7c92616b250254aa314e2bbd684b90e656605a1bd3ab6640ee253e0cf8f8
I_CLE01_EU_FN_FER01_103.wav,isolation,CLE01,EU,FN,FER01,1,03,8000,1,16,16695,2.086875,ff660e1142863eb43b8d976ef5523aff602e2cfb0a6ac2c4b2262fa7d4e5ca25
I_CLE01_EU_FN_FER01_104.wav,isolation,CLE01,EU,FN,FER01,1,04,8000,1,16,15183,1.897875,2d66d355efeedb571968889c46af5658fb87c2ae46c4abb0c5070cbe10aabac7
I_CLE01_EU_FN_FER01_105.wav,isolation,CLE01,EU,FN,FER01,1,05,8000,1,16,15345,1.918125,4c8d94682b6b03ddf343e9c13a674b6f1ef7d6f64415c12680ba15d206572763
I_CLE01_EU_FN_FER01_106.wav,isolation,CLE01,EU,FN,FER01,1,06,8000,1,16,14481,1.810125,c31191c702cfd77909ffd8b900c962947ebc86aa611a1445ac0bd5003b95defa
I_CLE01_EU_FN_FER01_107.wav,isolation,CLE01,EU,FN,FER01,1,07,8000,1,16,16317,2.039625,13b963671e516d4bcb56dfad3cf987ed2a6860ef4f077d9ac524f29e56f8277d
I_CLE01_EU_FN_FER01_109.wav,isolation,CLE01,EU,FN,FER01,1,09,8000,1,16,16101,2.012625,376d89e70ec335854aa178ba1cda2ef2087fa05364f52a790149cff7c8b91060
I_CLE01_EU_FN_FER01_110.wav,isolation,CLE01,EU,FN,FER01,1,10,8000,1,16,16209,2.026125,7f9b1892e4e313bd5c988254163170b875190ae81b1fb38acadddb151b38b588
I_CLE01_EU_FN_FER01_111.wav,isolation,CLE01,EU,FN,FER01,1,11,8000,1,16,15345,1.918125,855fe56d2ab74efa7f0cb9fdf23ad021e59df121b645532daf28ce4bbaefb422
I_CLE01_EU_FN_FER01_112.wav,isolation,CLE01,EU,FN,FER01,1,12,8000,1,16,15399,1.924875,aa48a143d3e23f75362e2e9dd6589945cf0312d72fe33d08d0a4efa5696db0ad
I_CLE01_EU_FN_FER01_113.wav,isolation,CLE01,EU,FN,FER01,1,13,8000,1,16,14859,1.857375,ef222595bed9af1b59d28c61208ecb7c28d8065cf4a9ef3914b80349a1d02504
I_CLE01_EU_FN_FER01_114.wav,isolation,CLE01,EU,FN,FER01,1,14,8000,1,16,14373,1.796625,c73b57ba33405ac8ec53d663604fd9b2c8d4251c752c39aa7211fe092c7c05df
I_CLE01_EU_FN_FER01_115.wav,isolation,CLE01,EU,FN,FER01,1,15,8000,1,16,16101,2.012625,e35114de1cbbb34dc13aca3fed4f0a62f10a9a4e74d87873f776db16954af000
I_CLE01_EU_FN_FER01_116.wav,isolation,CLE01,EU,FN,FER01,1,16,8000,1,16,16911,2.113875,731c18b5046be8576c4d3035497c3225d8c4158aa3f9033e52ebfd1d649c46b3
I_CLE01_EU_FN_FER01_117.wav,isolation,CLE01,EU,FN,FER01,1,17,8000,1,16,14427,1.803375,1e7b32b5eb0e6ebb813134c686a0832f118fe3b4b7abe35853a37ca47f281cfb
I_CLE01_EU_FN_FER01_118.wav,isolation,CLE01,EU,FN,FER01,1,18,8000,1,16,16533,2.066625,d6ca260e6d1ecdd105c5feb539ae150dc895fd3065d80792c93a6e003d957e73
I_CLE01_EU_FN_FER01_119.wav,isolation,CLE01,EU,FN,FER01,1,19,8000,1,16,16641,2.080125,b8d317670f2a5ed1610102dc696c2bc4c65b8c39661e1f5cfdc900370d2f8881
I_CLE01_EU_FN_FER01_120.wav,isolation,CLE01,EU,FN,FER01,1,20,8000,1,16,17181,2.147625,8deb24c89c757d3e6babb9c3fb096dbd7bb3bcad318101320a026d86b9ec6262
I_CLE01_EU_FN_FER01_121.wav,isolation,CLE01,EU,FN,FER01,1,21,8000,1,16,14657,1.832125,5b7bbd67b7a0e75c6cf2897accb492a0e2dba284ff1305c62e522a63b161fe3c
I_DAK01_MC_FN_SIM01_101.wav,isolation,DAK01,MC,FN,SIM01,1,01,8000,1,16,14546,1.81825,e523e76559f3f8cacb887381d7009ba3a1428679a3237a193f9464be883fcc44
I_DAK01_MC_FN_SIM01_102.wav,isolation,DAK01,MC,FN,SIM01,1,02,8000,1,16,14498,1.81225,b98d2769a2ee5f9ec2d710eada2bdd3837834c68e7f34ed54a63e0434aa32d28
I_DAK01_MC_FN_SIM01_103.wav,isolation,DAK01,MC,FN,SIM01,1,03,8000,1,16,14924,1.8655,89d66d256997acaec75f310aa90b5d1481973b459fbe6e809457a8e8ff10a9f5
I_DAK01_MC_FN_SIM01_104.wav,isolation,DAK01,MC,FN,SIM01,1,04,8000,1,16,13412,1.6765,bf4d85666bfe20ccffa8bb4fa725cc759a4b8f7e7cace7fe65fd3e34ba9a2136
I_DAK01_MC_FN_SIM01_105.wav,isolation,DAK01,MC,FN,SIM01,1,05,8000,1,16,12862,1.60775,be6fbf93abfaefe4e478db6b753c744552f0e76b54f734c564620d6ed48d41d6
I_DAK01_MC_FN_SIM01_106.wav,isolation,DAK01,MC,FN,SIM01,1,06,8000,1,16,12132,1.5165,a4fa9b02ab1111c0ae51fd1db89b496404994a7624cb1691472afe7884597543
I_DAK01_MC_FN_SIM01_107.wav,isolation,DAK01,MC,FN,SIM01,1,07,8000,1,16,13717,1.714625,8ae5b6c0806b9e236cd3439d7fc3cb80ff15950fc9303a599db011a7ace44020
I_DAK01_MC_FN_SIM01_108.wav,isolation,DAK01,MC,FN,SIM01,1,08,8000,1,16,15529,1.941125,5404c5cf08c8d1425326ac97e0bf58f38b5b174831fe43aafb9f9ece7efe14d4
I_DAK01_MC_FN_SIM01_109.wav,isolation,DAK01,MC,FN,SIM01,1,09,8000,1,16,13609,1.701125,d80a37d8a7d7c58e8be1397bb7c51ca13e3f569dd091648014414a0c849839b8
I_DAK01_MC_FN_SIM01_110.wav,isolation,DAK01,MC,FN,SIM01,1,10,8000,1,16,14949,1.868625,5468c97f36222f9071b9debca5c79e758a7ceaba454f9f0c6ae23573667e7bdf
I_DAK01_MC_FN_SIM01_111.wav,isolation,DAK01,MC,FN,SIM01,1,11,8000,1,16,13187,1.648375,390a03059ee6b749e537b90a1ca95eb89e73ef1a709108f1a8a5befdfc09a46a
I_DAK01_MC_FN_SIM01_112.wav,isolation,DAK01,MC,FN,SIM01,1,12,8000,1,16,13425,1.678125,8ab7d8f0e03a385087f964a5017db37bf3ec3c449a20be3c8285473191e9b73a
I_DAK01_MC_FN_SIM01_113.wav,isolation,DAK01,MC,FN,SIM01,1,13,8000,1,16,12366,1.54575,72ab4732b6e04989675fa0fdd8a66f833e165bed78bd841761ffa09f845f7e32
I_DAK01_MC_FN_SIM01_114.wav,isolation,DAK01,MC,FN,SIM01,1,14,8000,1,16,13356,1.6695,b23d29bc462680a60eae6476edd8fae31e9aaf9e1377433bd64a605ff5c8e8bf
I_DAK01_MC_FN_SIM01_115.wav,isolation,DAK01,MC,FN,SIM01,1,15,8000,1,16,14156,1.7695,9b385087b87c7b039d3036fb9a63227af1913350b934a1c2e5f846a3c41804a9
I_DAK01_MC_FN_SIM01_116.wav,isolation,DAK01,MC,FN,SIM01,1,16,8000,1,16,13246,1.65575,bbd7b6a619337c970adbc6d85a0478a69b4670acce1537709fab8fa3a9266e6e
I_DAK01_MC_FN_SIM01_301.wav,isolation,DAK01,MC,FN,SIM01,3,01,8000,1,16,15414,1.92675,bda452ac84f731e3c50bb3c97a68c4ba1b2e3e6a7b20881894ed0a05ab373dbf
I_DAK01_MC_FN_SIM01_302.wav,isolation,DAK01,MC,FN,SIM01,3,02,8000,1,16,14351,1.793875,35076910d442df4395c09663b28e750c14b0fed95694b5edee7204bc43ecceb3
I_DAK01_MC_FN_SIM01_303.wav,isolation,DAK01,MC,FN,SIM01,3,03,8000,1,16,16712,2.089,43c890c8b1b06b288058d7586a9e6c8f947123883178562f63777e2e5e312e64
I_DAK01_MC_FN_SIM01_304.wav,isolation,DAK01,MC,FN,SIM01,3,04,8000,1,16,12486,1.56075,4c477953f5e228e868d8b9548fc9d6929bdf5ed7b7a09174d55a79f5f689550b
I_DAK01_MC_FN_SIM01_305.wav,isolation,DAK01,MC,FN,SIM01,3,05,8000,1,16,14245,1.780625,9303d82804081f81e6d53cbbef4fd0833a1e779b48d46bd631e8643b6e8c5ef4
I_DAK01_MC_FN_SIM01_306.wav,isolation,DAK01,MC,FN,SIM01,3,06,8000,1,16,14114,1.76425,f83f4a1e4a6b0e2c4afa09b847c35c8ee8eeea241cee443477f116e30c5e52f6
I_DAK01_MC_FN_SIM01_307.wav,isolation,DAK01,MC,FN,SIM01,3,07,8000,1,16,14113,1.764125,1671c40e5596eb3d1e3641adc9fd95ef6b162543d1f0bd91c9e00592ef5435ae
I_DAK01_MC_FN_SIM01_308.wav,isolation,DAK01,MC,FN,SIM01,3,08,8000,1,16,13820,1.7275,c715f2339e3222cd65b4f8ab9684bc6d2eab75c6864d11e6b2be636a111142ea
I_DAK01_MC_FN_SIM01_309.wav,isolation,DAK01,MC,FN,SIM01,3,09,8000,1,16,13703,1.712875,19602194e61f7af1108fb9db3eb8c318b98a42fdfa80bf3fa8188c143907a3ee
I_DAK01_MC_FN_SIM01_310.wav,isolation,DAK01,MC,FN,SIM01,3,10,8000,1,16,13624,1.703,71bf8faa49b4140fb338677a12841e0da239a506a11117b8a786510b4829aeeb
I_DAK01_MC_FN_SIM01_311.wav,isolation,DAK01,MC,FN,SIM01,3,11,8000,1,16,13862,1.73275,7e0c5352e38971f5661a350116731f05035daa2439c07577ec19773312ab5799
I_DAK01_MC_FN_SIM01_312.wav,isolation,DAK01,MC,FN,SIM01,3,12,8000,1,16,14312,1.789,0b59c64fb2222b8d74a56f6579d47c2d27ccfbd9fbcca8f3b9c61b6b669be66e
I_DAK01_MC_FN_SIM01_313.wav,isolation,DAK01,MC,FN,SIM01,3,13,8000,1,16,14462,1.80775,880fa4793aa9a4f871e49a1452553c27dd641a3151669151d997f76cff4d0d4a
I_DAK01_MC_FN_SIM01_314.wav,isolation,DAK01,MC,FN,SIM01,3,14,8000,1,16,13563,1.695375,a1d9f4a1e97baeea667b7bead747f003709c01f7d82903ff0132daf0e9759572
I_DAK01_MC_FN_SIM01_315.wav,isolation,DAK01,MC,FN,SIM01,3,15,8000,1,16,13625,1.703125,3e1ac78af6af07d568fd3d8140cf17aa8b562a7c88cdc882709353b0c3621d5f
I_DAK01_MC_FN_SIM01_316.wav,isolation,DAK01,MC,FN,SIM01,3,16,8000,1,16,14454,1.80675,4f80afeabb3ed660451d654fa44221e77838e9213364d6aaf20b4041120f4aa0
I_MAG01_EU_FN_FED01_101.wav,isolation,MAG01,EU,FN,FED01,1,01,8000,1,16,16047,2.005875,c362d09ef01008868d15f86c6e006015b1fdc0cd601571cd88f2dde8ccdcd5d0
I_MAG01_EU_FN_FED01_201.wav,isolation,MAG01,EU,FN,FED01,2,01,8000,1,16,14529,1.816125,e02ef337635c4443081d96a90a094fef81d2462cd8d092c0f3e3dc2c9a9ae698
I_MAG01_EU_FN_FED01_202.wav,isolation,MAG01,EU,FN,FED01,2,02,8000,1,16,14393,1.799125,57501677f84c6ddc764b8ba1d0bb72326f31a7fe55fe4dbc4b50036e511a56e7
I_MAT01_EU_FN_RIT01_201.wav,isolation,MAT01,EU,FN,RIT01,2,01,8000,1,16,18585,2.323125,7adf588cfa8ff7ed094f608c835cc7346d98345e41a4107891634ee8d2befa05
I_MAT01_EU_FN_RIT01_202.wav,isolation,MAT01,EU,FN,RIT01,2,02,8000,1,16,15507,1.938375,5f52295000ece0550f4fbe9afeffc122bfe1fe02626742f09e1fa14d5609922d
I_MAT01_EU_FN_RIT01_203.wav,isolation,MAT01,EU,FN,RIT01,2,03,8000,1,16,21393,2.674125,fcfc5a0fc041c4e8114293fa47110f247bd500ce3c326e1b3d121b90eb2fb323
I_MAT01_EU_FN_RIT01_204.wav,isolation,MAT01,EU,FN,RIT01,2,04,8000,1,16,14535,1.816875,bc6c948ce3605ae9b3e34281a79e8516c177dd520f99e18a4936b1451dfd155b
I_MAT01_EU_FN_RIT01_205.wav,isolation,MAT01,EU,FN,RIT01,2,05,8000,1,16,14913,1.864125,f18882fcd59a3f87e8dfa0e07bc594fa2aba19fc41f999ba0eef03a311af1e54
I_MAT01_EU_FN_RIT01_206.wav,isolation,MAT01,EU,FN,RIT01,2,06,8000,1,16,14103,1.762875,615bc99007187ba7b412121bfe81135efabc175029729b29b34a0ef27f277971
I_MAT01_EU_FN_RIT01_207.wav,isolation,MAT01,EU,FN,RIT01,2,07,8000,1,16,17775,2.221875,af594a49b3e9385a0cf02afb33cc2406ba937ad35b1b0f5a0b71977d60bba581
I_MAT01_EU_FN_RIT01_208.wav,isolation,MAT01,EU,FN,RIT01,2,08,8000,1,16,16641,2.080125,92f6d32a0b77c373ecdbe267d802fb3fd371a702772ee0928f95e92b145f0f81
I_MAT01_EU_FN_RIT01_209.wav,isolation,MAT01,EU,FN,RIT01,2,09,8000,1,16,15507,1.938375,ec0fad76c9662767b591019340ac544e5e63d7ec8ce4b94ea4fce49d483498de
I_MAT01_EU_FN_RIT01_210.wav,isolation,MAT01,EU,FN,RIT01,2,10,8000,1,16,17181,2.147625,65c88accdc6d4dc06cea4c770766a916f36b096c6aed942e22a840f109ddd891
I_MEG01_MC_FI_SIM01_101.wav,isolation,MEG01,MC,FI,SIM01,1,01,8000,1,16,13906,1.73825,7f26e5b6fbb7eee329cf98a3600783ba9c211086bd5c3d92dbf947fdc0b3815f
I_MEG01_MC_FI_SIM01_102.wav,isolation,MEG01,MC,FI,SIM01,1,02,8000,1,16,14179,1.772375,e6f87d90dfbd2fcf987d94ca7e0dfb87fbec362fcdc7e1bbb809e67df127b5e6
I_MEG01_MC_FI_SIM01_103.wav,isolation,MEG01,MC,FI,SIM01,1,03,8000,1,16,12362,1.54525,9edb0320cf16448bc3cd66e117b97c1b4fcc7a7cb0e50bb35f6605adbcc7bb91
I_MEG01_MC_FI_SIM01_104.wav,isolation,MEG01,MC,FI,SIM01,1,04,8000,1,16,12511,1.563875,e865d9f174103ca4108cd613dab290608003ee59573bf95b9e9bed0412291527
I_MEG01_MC_FI_SIM01_301.wav,isolation,MEG01,MC,FI,SIM01,3,01,8000,1,16,12844,1.6055,e7ba288644772b18e5f5f2ff3c8585e8f95f34bb36a0dfb783b70d57e6c630da
I_MEG01_MC_FI_SIM01_302.wav,isolation,MEG01,MC,FI,SIM01,3,02,8000,1,16,13315,1.664375,a3c65c2b9735d9b7b81f145ac2558f11136fdad0bb292040e14e28c09d8b2eab
I_MEG01_MC_FI_SIM01_303.wav,isolation,MEG01,MC,FI,SIM01,3,03,8000,1,16,12211,1.526375,4906a7536939fc76c48d7505bbee7503109806fe14f238d73a68543478966b12
I_MEG01_MC_FI_SIM01_304.wav,isolation,MEG01,MC,FI,SIM01,3,04,8000,1,16,13123,1.640375,ec7fac8e3ff3d9ef9ef342c27ce6e9dc99660c678e7831d0b91a7d8d5b22fe97
I_MEG01_MC_FI_SIM01_305.wav,isolation,MEG01,MC,FI,SIM01,3,05,8000,1,16,14472,1.809,8e95bd4b085ee5afe68e15ef05a15db07c50d10c7c4d665bd873e93ca4883065
I_MEG01_MC_FI_SIM01_306.wav,isolation,MEG01,MC,FI,SIM01,3,06,8000,1,16,13799,1.724875,33cfe405df70587bf7e91c628f0a872c34731e6343dbb08bb37a61df695bd27e
I_MIN01_EU_FN_BEN01_101.wav,isolation,MIN01,EU,FN,BEN01,1,01,8000,1,16,17796,2.2245,0fc49423161dfbfd0b569afc1256f1c703991ea91bf0e2e8c86d939224d52b41
I_MIN01_EU_FN_BEN01_102.wav,isolation,MIN01,EU,FN,BEN01,1,02,8000,1,16,15215,1.901875,22b851c72b6c54129ce34e8de3cd0c6336a279f9e94da2f9dc66d3a793ae5f60
I_MIN01_EU_FN_BEN01_103.wav,isolation,MIN01,EU,FN,BEN01,1,03,8000,1,16,18825,2.353125,cdd23a73d2ee8dcffbd5b3364cd85e4733a777f59d66f51d0d1f05224bf34416
I_MIN01_EU_FN_BEN01_104.wav,isolation,MIN01,EU,FN,BEN01,1,04,8000,1,16,17559,2.194875,11e7271767fc87554beb6e22d259522a3c2f143fefe2f17528ef41383d4fc7ca
I_MIN01_EU_FN_BEN01_105.wav,isolation,MIN01,EU,FN,BEN01,1,05,8000,1,16,20779,2.597375,c3a340a5feaf42fa07624ee74c3faff578bf936fd4bf4112f525edcbc0d35890
I_MIN01_EU_FN_BEN01_106.wav,isolation,MIN01,EU,FN,BEN01,1,06,8000,1,16,17296,2.162,4208a656ae8caeef7eb67afe36f0edd6f136c1568a5428024cda7c370dac877b
I_NIG01_MC_MN_SIM01_201.wav,isolation,NIG01,MC,MN,SIM01,2,01,8000,1,16,13034,1.62925,072728910e4eff275b6217f1a94cdee2448ce7a991d7997ffaa3036c4e481db1
I_NUL01_MC_MI_SIM01_101.wav,isolation,NUL01,MC,MI,SIM01,1,01,8000,1,16,15801,1.975125,943941b3b27a692e6bf390f949c01033b493f6d3cf2d4970646b439cf002a97b
I_NUL01_MC_MI_SIM01_201.wav,isolation,NUL01,MC,MI,SIM01,2,01,8000,1,16,14932,1.8665,5f6ea8c47996a0e6512af42140b9bed35825f448287889c31fedf12cfa6be7c3
I_NUL01_MC_MI_SIM01_202.wav,isolation,NUL01,MC,MI,SIM01,2,02,8000,1,16,15517,1.939625,a6c54010e4f81d0a23eccb363b332c4f480bab98a642df55b5e71bd4608451fc
I_NUL01_MC_MI_SIM01_203.wav,isolation,NUL01,MC,MI,SIM01,2,03,8000,1,16,16116,2.0145,04a1de2de621d8e540645ef30ed71dbd73d3f61ff7a65566060200669a2f12ee
I_NUL01_MC_MI_SIM01_204.wav,isolation,NUL01,MC,MI,SIM01,2,04,8000,1,16,16315,2.039375,ece7c64c993720a2f067091d1cd577762e51c2e28c907862b1eddf0578373715
I_NUL01_MC_MI_SIM01_205.wav,isolation,NUL01,MC,MI,SIM01,2,05,8000,1,16,17146,2.14325,873d4db66ecfb11e97ee6e3b22001d8e31ff98699186e546d85c380c0337affe
I_NUL01_MC_MI_SIM01_301.wav,isolation,NUL01,MC,MI,SIM01,3,01,8000,1,16,15890,1.98625,801442111e43b03cf6e75b0b428c91b1a580af4f94bc12d5f276cea540711e03
I_NUL01_MC_MI_SIM01_302.wav,isolation,NUL01,MC,MI,SIM01,3,02,8000,1,16,14579,1.822375,bbbee446d5ce4bc347a14fec40e9511f51458f7319281b277ca124ac9853e038
I_NUL01_MC_MI_SIM01_303.wav,isolation,NUL01,MC,MI,SIM01,3,03,8000,1,16,13889,1.736125,1d5a1912175e575b2c0239323de3cd0c6c74fa798fb13f13fa89aec772ce5dc8
I_NUL01_MC_MI_SIM01_304.wav,isolation,NUL01,MC,MI,SIM01,3,04,8000,1,16,13768,1.721,3b7d4e0768a7fe461a9a9ab581e9e5c6ed8012357632de687e702218ea7ee3da
I_REG01_EU_FN_GIO01_201.wav,isolation,REG01,EU,FN,GIO01,2,01,8000,1,16,14393,1.799125,5ebde71c81169afe024a1238ddd8d1f6406675fd125f8d86c8e8d6e2af85bfe9
I_SPI01_EU_MN_NAI01_101.wav,isolation,SPI01,EU,MN,NAI01,1,01,8000,1,16,18747,2.343375,419112c0848e53090edb2835f237e1c6fc5dea3c9a783e419e79f8516d5fed88
I_SPI01_EU_MN_NAI01_102.wav,isolation,SPI01,EU,MN,NAI01,1,02,8000,1,16,18045,2.255625,b7967559d4916ee857c26dd2ad6ac40d5b902eb1cd1a68e9510c0909bdaebbcc
I_SPI01_EU_MN_NAI01_103.wav,isolation,SPI01,EU,MN,NAI01,1,03,8000,1,16,18639,2.329875,6130fb35826675144e5792f46de7249e4dec84791b1095fa7011712440105b8b
I_SPI01_EU_MN_NAI01_104.wav,isolation,SPI01,EU,MN,NAI01,1,04,8000,1,16,16263,2.032875,c8193308b338913a021dc8c3d58a820e7b6eccfc80eff5231c3cb708951a3c90
I_SPI01_EU_MN_NAI01_105.wav,isolation,SPI01,EU,MN,NAI01,1,05,8000,1,16,21555,2.694375,fe1ff0a276a2ff32b4ad3faccf67df162fc451b00f5a6d9c57abf5736e381590
I_SPI01_EU_MN_NAI01_201.wav,isolation,SPI01,EU,MN,NAI01,2,01,8000,1,16,16513,2.064125,112e8e705a5ffe7b4127131b87f25a0b233b8efe5a6a629ac71c0fc1a2d26dfb
I_SPI01_EU_MN_NAI01_202.wav,isolation,SPI01,EU,MN,NAI01,2,02,8000,1,16,17217,2.152125,4af6a73ea96dbe2f5b9b6bdfa59c7dd10e24f89cd2b1871193a9feb90a35f0a9
I_SPI01_EU_MN_NAI01_203.wav,isolation,SPI01,EU,MN,NAI01,2,03,8000,1,16,16833,2.104125,003928204fed02b493637db20e24989c5b341c80dc89e4a9285fa5f13cbefc5b
I_SPI01_EU_MN_NAI01_204.wav,isolation,SPI01,EU,MN,NAI01,2,04,8000,1,16,18625,2.328125,a08db1d7ed88d04fc2deed1842afaac27a97694aa7048c7035c8a1a279374c3b
I_SPI01_EU_MN_NAI01_205.wav,isolation,SPI01,EU,MN,NAI01,2,05,8000,1,16,19073,2.384125,1d353a1ac1db3674ea3dbdaecf144c13868671adac932620e1ed777363686866
I_SPI01_EU_MN_NAI01_301.wav,isolation,SPI01,EU,MN,NAI01,3,01,8000,1,16,20325,2.540625,75cc2a9f43b1fcab79acd203e3ff1085081690813587950ea228160017583035
I_SPI01_EU_MN_NAI01_302.wav,isolation,SPI01,EU,MN,NAI01,3,02,8000,1,16,19389,2.423625,c9f6954349cfde455c1a1cb1cc9f409582ba525513359ea5d30d6bcbd14a88dc
I_SPI01_EU_MN_NAI01_303.wav,isolation,SPI01,EU,MN,NAI01,3,03,8000,1,16,19857,2.482125,d91b6f7903978c0f22b8a4d52b19aaf6058af712ce0b7db6f18f2a84435fe4f9
I_SPI01_EU_MN_NAI01_304.wav,isolation,SPI01,EU,MN,NAI01,3,04,8000,1,16,21573,2.696625,14eb18251ad888b8408335de5fa73a45203d475d9bee6c69c95595d0fe4f3d34
I_SPI01_EU_MN_NAI01_305.wav,isolation,SPI01,EU,MN,NAI01,3,05,8000,1,16,21729,2.716125,bf340838b2a7a7490c6e43267848d6d92cf1995d056de61d9c0ddc55ef2ba082
I_TIG01_EU_FN_GIU01_201.wav,isolation,TIG01,EU,FN,GIU01,2,01,8000,1,16,10053,1.256625,d0ad54496fc6fa90c1b0a96173648ba51379f37e6da5d220b1bd9e8c182d68d0
I_TIG01_EU_FN_GIU01_202.wav,isolation,TIG01,EU,FN,GIU01,2,02,8000,1,16,13995,1.749375,4131e11199c2da483bf9efa33c515f43f2a9d17ce0c2a07a0f2a16ba4bb9f74a
I_TIG01_EU_FN_GIU01_203.wav,isolation,TIG01,EU,FN,GIU01,2,03,8000,1,16,13023,1.627875,053d1ec7b19cf53c9253ae5ed2fafa43421eca97e75c0155569d94895b74f32c
I_WHO01_MC_FI_SIM01_101.wav,isolation,WHO01,MC,FI,SIM01,1,01,8000,1,16,17258,2.15725,46ccb4de79878b2cf675a6392d4bbbd1d23161e11c9808ab7a25b00801871804
I_WHO01_MC_FI_SIM01_102.wav,isolation,WHO01,MC,FI,SIM01,1,02,8000,1,16,15358,1.91975,8089d625507b18e1fdd181e853263e25b37c1a4f82123eaf0152bacd5c82ff43
I_WHO01_MC_FI_SIM01_103.wav,isolation,WHO01,MC,FI,SIM01,1,03,8000,1,16,14390,1.79875,7cfab563acac5525c2c03ae611d262dea08e8c347d66f39569ee0a03306272d6
I_WHO01_MC_FI_SIM01_104.wav,isolation,WHO01,MC,FI,SIM01,1,04,8000,1,16,14896,1.862,5c427c43d0667c455e095b545d1c4ef6e097643c2920e61c4097a19b62cc9d13
I_WHO01_MC_FI_SIM01_105.wav,isolation,WHO01,MC,FI,SIM01,1,05,8000,1,16,17185,2.148125,800c3b54051536fe5d6c2229a3f23567a3d82b606a401c686785ea4f35d133c3
I_WHO01_MC_FI_SIM01_106.wav,isolation,WHO01,MC,FI,SIM01,1,06,8000,1,16,16633,2.079125,c673e2d35dcbc0e1711652e699a11ed27cab47634db16cece942859c2ae0acc1
I_WHO01_MC_FI_SIM01_107.wav,isolation,WHO01,MC,FI,SIM01,1,07,8000,1,16,15943,1.992875,7ef598347ff54045681e2386ad319bc5c5064497d9314cd6b4838f7db3832d54
I_WHO01_MC_FI_SIM01_108.wav,isolation,WHO01,MC,FI,SIM01,1,08,8000,1,16,16319,2.039875,bf7f6eb792a190f84b6e789733dfe34ebfb1c1ea7b9de052bee3c5048e1d4a30
I_WHO01_MC_FI_SIM01_109.wav,isolation,WHO01,MC,FI,SIM01,1,09,8000,1,16,15241,1.905125,b2b703bf5ab3a6869ff0184a909c2d524be2fa1e1ef971a002219ea58715cd1c
I_WHO01_MC_FI_SIM01_110.wav,isolation,WHO01,MC,FI,SIM01,1,10,8000,1,16,13475,1.684375,34786a17e63bd9a67c4d0ac5ec33d5fe90f168d021b853770303b176af131ee8
I_WHO01_MC_FI_SIM01_111.wav,isolation,WHO01,MC,FI,SIM01,1,11,8000,1,16,14706,1.83825,c345d65b5fdb9565d7eaef613bd855be6ddfdc477f29931dfecc9ed26e7ab4ac
I_WHO01_MC_FI_SIM01_112.wav,isolation,WHO01,MC,FI,SIM01,1,12,8000,1,16,14096,1.762,1b265edc4f2f72bc58ee52ce9bde0eb001dc895d76c2b0578d9db4ff91413ab4
I_WHO01_MC_FI_SIM01_113.wav,isolation,WHO01,MC,FI,SIM01,1,13,8000,1,16,15322,1.91525,13cab0738d770419e29f132f9455f12347bd21221027c3462c8d2f0444c9912b
I_WHO01_MC_FI_SIM01_114.wav,isolation,WHO01,MC,FI,SIM01,1,14,8000,1,16,13006,1.62575,da1df674b4b36ecb8ca3da8eeebd37eefb3203a628616dbe7b29383bc1ee2ff5
I_WHO01_MC_FI_SIM01_115.wav,isolation,WHO01,MC,FI,SIM01,1,15,8000,1,16,15101,1.887625,39a2172fd54924efc7c75e21aac3c26b55a25629c6d9c838daed304707f1ca53
I_WHO01_MC_FI_SIM01_116.wav,isolation,WHO01,MC,FI,SIM01,1,16,8000,1,16,16982,2.12275,67a3b9ba44288bae60ac7839b18edebf9aa15f25dc404671719c8825ddd5d6eb
I_WHO01_MC_FI_SIM01_201.wav,isolation,WHO01,MC,FI,SIM01,2,01,8000,1,16,16648,2.081,823885acc897a23e9f9261c5b705ac2ff08d488084767d02a6b31458b05bd2d1
I_WHO01_MC_FI_SIM01_301.wav,isolation,WHO01,MC,FI,SIM01,3,01,8000,1,16,14845,1.855625,796b3911983ccd244661f3482410634937560e8cb18a28beb9e5d3b274c12809
